format,workload,operation,buffer_bytes,median_ns,reads,read_bytes,writes,write_bytes,flushes,max_read,max_write
Newc,small,read,0,22166,1541,34940,0,0,0,104,0
Newc,small,read,8192,20583,5,34940,0,0,0,8192,0
Newc,small,skip,0,18250,1541,34940,0,0,0,104,0
Newc,small,skip,8192,20250,5,34940,0,0,0,8192,0
Newc,small,tree,0,102250,1541,34940,0,0,0,104,0
Newc,small,tree,8192,100958,5,34940,0,0,0,8192,0
Newc,small,write,0,64875,0,0,1284,34940,1,0,110
Newc,small,write,8192,62541,0,0,5,34940,1,0,8160
Newc,large,read,0,50709,74,4194544,0,0,0,65536,0
Newc,large,read,8192,50459,66,4194544,0,0,0,65536,0
Newc,large,skip,0,77667,8202,4194544,0,0,0,512,0
Newc,large,skip,8192,139459,513,4194544,0,0,0,8192,0
Newc,large,tree,0,239208,74,4194544,0,0,0,65536,0
Newc,large,tree,8192,536917,66,4194544,0,0,0,65536,0
Newc,large,write,0,132083,0,0,72,4194544,1,0,65536
Newc,large,write,8192,137042,0,0,66,4194544,1,0,65536
Newc,links,read,0,18042,1031,33920,0,0,0,4097,0
Newc,links,read,8192,19041,5,33920,0,0,0,8192,0
Newc,links,skip,0,17875,1039,33920,0,0,0,512,0
Newc,links,skip,8192,18875,5,33920,0,0,0,8192,0
Newc,links,tree,0,271250,1031,33920,0,0,0,4097,0
Newc,links,tree,8192,252125,5,33920,0,0,0,8192,0
Newc,links,write,0,57209,0,0,774,33920,1,0,4097
Newc,links,write,8192,61250,0,0,5,33920,1,0,8120
Newc,metadata,read,0,18750,1285,30844,0,0,0,104,0
Newc,metadata,read,8192,19375,4,30844,0,0,0,8192,0
Newc,metadata,skip,0,17792,1285,30844,0,0,0,104,0
Newc,metadata,skip,8192,18958,4,30844,0,0,0,8192,0
Newc,metadata,tree,0,79250,1285,30844,0,0,0,104,0
Newc,metadata,tree,8192,80000,4,30844,0,0,0,8192,0
Newc,metadata,write,0,31792,0,0,1028,30844,1,0,110
Newc,metadata,write,8192,29500,0,0,4,30844,1,0,8184
Newc,stream-small,read,0,208,12,260,0,0,0,104,0
Newc,stream-small,read,8192,250,1,260,0,0,0,8192,0
Newc,stream-small,skip,0,167,12,260,0,0,0,104,0
Newc,stream-small,skip,8192,250,1,260,0,0,0,8192,0
Newc,stream-small,tree,0,375,12,260,0,0,0,104,0
Newc,stream-small,tree,8192,458,1,260,0,0,0,8192,0
Newc,stream-small,write,0,10709,0,0,10,260,1,0,110
Newc,stream-small,write,8192,10167,0,0,1,260,1,0,260
Newc,stream-large,read,0,50875,74,4194544,0,0,0,65536,0
Newc,stream-large,read,8192,49292,66,4194544,0,0,0,65536,0
Newc,stream-large,skip,0,72959,8202,4194544,0,0,0,512,0
Newc,stream-large,skip,8192,130834,513,4194544,0,0,0,8192,0
Newc,stream-large,tree,0,219250,74,4194544,0,0,0,65536,0
Newc,stream-large,tree,8192,599292,66,4194544,0,0,0,65536,0
Newc,stream-large,write,0,182792,0,0,72,4194544,1,0,65536
Newc,stream-large,write,8192,178458,0,0,66,4194544,1,0,65536
Crc,small,read,0,19084,1541,34940,0,0,0,104,0
Crc,small,read,8192,22959,5,34940,0,0,0,8192,0
Crc,small,skip,0,19500,1541,34940,0,0,0,104,0
Crc,small,skip,8192,20166,5,34940,0,0,0,8192,0
Crc,small,tree,0,88750,1541,34940,0,0,0,104,0
Crc,small,tree,8192,90541,5,34940,0,0,0,8192,0
Crc,small,write,0,61833,0,0,1284,34940,1,0,110
Crc,small,write,8192,59917,0,0,5,34940,1,0,8160
Crc,large,read,0,143500,74,4194544,0,0,0,65536,0
Crc,large,read,8192,122708,66,4194544,0,0,0,65536,0
Crc,large,skip,0,102667,8202,4194544,0,0,0,512,0
Crc,large,skip,8192,161000,513,4194544,0,0,0,8192,0
Crc,large,tree,0,269333,74,4194544,0,0,0,65536,0
Crc,large,tree,8192,637875,66,4194544,0,0,0,65536,0
Crc,large,write,0,249708,0,0,72,4194544,1,0,65536
Crc,large,write,8192,257459,0,0,66,4194544,1,0,65536
Crc,links,read,0,16917,1031,33920,0,0,0,4097,0
Crc,links,read,8192,18084,5,33920,0,0,0,8192,0
Crc,links,skip,0,16708,1039,33920,0,0,0,512,0
Crc,links,skip,8192,17667,5,33920,0,0,0,8192,0
Crc,links,tree,0,243458,1031,33920,0,0,0,4097,0
Crc,links,tree,8192,242291,5,33920,0,0,0,8192,0
Crc,links,write,0,56459,0,0,774,33920,1,0,4097
Crc,links,write,8192,55250,0,0,5,33920,1,0,8120
Crc,metadata,read,0,18791,1285,30844,0,0,0,104,0
Crc,metadata,read,8192,20125,4,30844,0,0,0,8192,0
Crc,metadata,skip,0,17916,1285,30844,0,0,0,104,0
Crc,metadata,skip,8192,20500,4,30844,0,0,0,8192,0
Crc,metadata,tree,0,78917,1285,30844,0,0,0,104,0
Crc,metadata,tree,8192,79875,4,30844,0,0,0,8192,0
Crc,metadata,write,0,32208,0,0,1028,30844,1,0,110
Crc,metadata,write,8192,30083,0,0,4,30844,1,0,8184
Crc,stream-small,read,0,209,12,260,0,0,0,104,0
Crc,stream-small,read,8192,250,1,260,0,0,0,8192,0
Crc,stream-small,skip,0,167,12,260,0,0,0,104,0
Crc,stream-small,skip,8192,250,1,260,0,0,0,8192,0
Crc,stream-small,tree,0,375,12,260,0,0,0,104,0
Crc,stream-small,tree,8192,458,1,260,0,0,0,8192,0
Crc,stream-small,write,0,11625,0,0,10,260,1,0,110
Crc,stream-small,write,8192,11125,0,0,1,260,1,0,260
Crc,stream-large,read,0,145875,74,4194544,0,0,0,65536,0
Crc,stream-large,read,8192,119458,66,4194544,0,0,0,65536,0
Crc,stream-large,skip,0,103250,8202,4194544,0,0,0,512,0
Crc,stream-large,skip,8192,163542,513,4194544,0,0,0,8192,0
Crc,stream-large,tree,0,266292,74,4194544,0,0,0,65536,0
Crc,stream-large,tree,8192,543583,66,4194544,0,0,0,65536,0
Crc,stream-large,write,0,363584,0,0,72,4194544,1,0,65536
Crc,stream-large,write,8192,368167,0,0,66,4194544,1,0,65536
Odc,small,read,0,11833,1284,25431,0,0,0,70,0
Odc,small,read,8192,12541,4,25431,0,0,0,8192,0
Odc,small,skip,0,11250,1284,25431,0,0,0,70,0
Odc,small,skip,8192,12417,4,25431,0,0,0,8192,0
Odc,small,tree,0,79250,1284,25431,0,0,0,70,0
Odc,small,tree,8192,81833,4,25431,0,0,0,8192,0
Odc,small,write,0,53334,0,0,1027,25431,1,0,76
Odc,small,write,8192,50583,0,0,4,25431,1,0,8118
Odc,large,read,0,63959,72,4194472,0,0,0,65536,0
Odc,large,read,8192,56250,66,4194472,0,0,0,65536,0
Odc,large,skip,0,77917,8200,4194472,0,0,0,512,0
Odc,large,skip,8192,130709,513,4194472,0,0,0,8192,0
Odc,large,tree,0,230625,72,4194472,0,0,0,65536,0
Odc,large,tree,8192,535375,66,4194472,0,0,0,65536,0
Odc,large,write,0,128917,0,0,70,4194472,1,0,65536
Odc,large,write,8192,126208,0,0,66,4194472,1,0,65536
Odc,links,read,0,10833,1029,25176,0,0,0,4097,0
Odc,links,read,8192,11333,4,25176,0,0,0,8192,0
Odc,links,skip,0,10625,1037,25176,0,0,0,512,0
Odc,links,skip,8192,10917,4,25176,0,0,0,8192,0
Odc,links,tree,0,237416,1029,25176,0,0,0,4097,0
Odc,links,tree,8192,238792,4,25176,0,0,0,8192,0
Odc,links,write,0,53625,0,0,772,25176,1,0,4097
Odc,links,write,8192,50875,0,0,4,25176,1,0,8118
Odc,metadata,read,0,11584,1156,21719,0,0,0,70,0
Odc,metadata,read,8192,12083,3,21719,0,0,0,8192,0
Odc,metadata,skip,0,11208,1156,21719,0,0,0,70,0
Odc,metadata,skip,8192,11500,3,21719,0,0,0,8192,0
Odc,metadata,tree,0,72000,1156,21719,0,0,0,70,0
Odc,metadata,tree,8192,72500,3,21719,0,0,0,8192,0
Odc,metadata,write,0,26334,0,0,899,21719,1,0,76
Odc,metadata,write,8192,24000,0,0,3,21719,1,0,8120
Odc,stream-small,read,0,125,9,185,0,0,0,70,0
Odc,stream-small,read,8192,250,1,185,0,0,0,8192,0
Odc,stream-small,skip,0,125,9,185,0,0,0,70,0
Odc,stream-small,skip,8192,292,1,185,0,0,0,8192,0
Odc,stream-small,tree,0,417,9,185,0,0,0,70,0
Odc,stream-small,tree,8192,542,1,185,0,0,0,8192,0
Odc,stream-small,write,0,12542,0,0,7,185,1,0,76
Odc,stream-small,write,8192,10458,0,0,1,185,1,0,185
Odc,stream-large,read,0,54125,72,4194472,0,0,0,65536,0
Odc,stream-large,read,8192,47750,66,4194472,0,0,0,65536,0
Odc,stream-large,skip,0,73125,8200,4194472,0,0,0,512,0
Odc,stream-large,skip,8192,132459,513,4194472,0,0,0,8192,0
Odc,stream-large,tree,0,222542,72,4194472,0,0,0,65536,0
Odc,stream-large,tree,8192,532583,66,4194472,0,0,0,65536,0
Odc,stream-large,write,0,181792,0,0,70,4194472,1,0,65536
Odc,stream-large,write,8192,189541,0,0,66,4194472,1,0,65536
