cluster_bytes,allocation,driver,workload,median_ns,reads,writes,read_bytes,write_bytes,flushes
512,chained,hosted,read-64k,29459,33,0,1057280,0,0
512,chained,embedded,read-64k,29709,33,0,1057280,0,0
512,contiguous,hosted,read-64k,15416,16,0,1048576,0,0
512,contiguous,embedded,read-64k,14542,16,0,1048576,0,0
512,fragmented,hosted,read-64k,80958,4095,0,2096640,0,0
512,fragmented,embedded,read-64k,61792,4095,0,2096640,0,0
512,chained,hosted,write-512,15241917,23846,8195,12209152,4195840,2
512,chained,hosted,write-64k,201333,255,83,130560,1082880,2
4096,chained,hosted,read-64k,17375,19,0,1050112,0,0
4096,chained,embedded,read-64k,16166,19,0,1050112,0,0
4096,contiguous,hosted,read-64k,16375,16,0,1048576,0,0
4096,contiguous,embedded,read-64k,14459,16,0,1048576,0,0
4096,fragmented,hosted,read-64k,38458,511,0,1179136,0,0
4096,fragmented,embedded,read-64k,38000,511,0,1179136,0,0
4096,chained,hosted,write-512,360666,1164,2819,595968,1443328,2
4096,chained,hosted,write-64k,44708,83,69,42496,1075712,2
