case,samples,volume_bytes,block_bytes,cluster_bytes,min_ns,median_ns,max_ns,payload_bytes,read_calls,write_calls,read_bytes,write_bytes,flush_calls,max_read_bytes,max_write_bytes,write_amplification,fat0_write_bytes,fat1_write_bytes,directory_write_bytes,data_write_bytes,fsinfo_write_bytes,other_write_bytes
fat12/hosted/append-64-end-sync,7,2097152,512,512,14250,14375,15209,16384,193,385,98816,197120,1,512,512,12.031,32256,32256,1536,131072,0,0
fat12/hosted/append-64-flush-each,7,2097152,512,512,27167,27625,28209,16384,670,639,343040,327168,257,512,512,19.969,32256,32256,131584,131072,0,0
fat12/hosted/append-512-end-sync,7,2097152,512,512,5833,5917,6250,16384,130,161,66560,82432,1,512,512,5.031,32256,32256,1536,16384,0,0
fat12/hosted/append-4k-end-sync,7,2097152,512,512,4833,4875,5041,16384,131,133,67072,82432,1,512,4096,5.031,32256,32256,1536,16384,0,0
fat16/hosted/append-64-end-sync,7,16777216,512,1024,11375,11542,12208,16384,83,291,42496,148992,1,512,512,9.094,8192,8192,1536,131072,0,0
fat16/hosted/append-64-flush-each,7,16777216,512,1024,24416,24541,30917,16384,560,545,286720,279040,257,512,512,17.031,8192,8192,131584,131072,0,0
fat16/hosted/append-512-end-sync,7,16777216,512,1024,3375,3458,4000,16384,36,67,18432,34304,1,512,512,2.094,8192,8192,1536,16384,0,0
fat16/hosted/append-4k-end-sync,7,16777216,512,1024,1792,2208,2666,16384,19,21,9728,25088,1,512,4096,1.531,3584,3584,1536,16384,0,0
fat32/hosted/append-64-end-sync,7,67108864,512,512,13625,14084,14500,16384,132,324,67584,165888,1,512,512,10.125,16384,16384,1536,131072,512,0
fat32/hosted/append-64-flush-each,7,67108864,512,512,27417,28792,32209,16384,609,578,311808,295936,257,512,512,18.062,16384,16384,131584,131072,512,0
fat32/hosted/append-512-end-sync,7,67108864,512,512,5417,5500,12458,16384,69,100,35328,51200,1,512,512,3.125,16384,16384,1536,16384,512,0
fat32/hosted/append-4k-end-sync,7,67108864,512,512,2542,2792,3834,16384,20,22,10240,25600,1,512,4096,1.562,3584,3584,1536,16384,512,0
