implementation,sample,image_read_syscalls,requested_bytes,delivered_bytes,image_seek_syscalls,image_failures
hadris/lazy/none,1,63871,32832000,32832000,63871,0
hadris/lazy/none,2,63871,32832000,32832000,63871,0
hadris/lazy/none,3,63871,32832000,32832000,63871,0
hadris/lazy/hint,1,1133,710144,710144,1133,0
hadris/lazy/hint,2,1133,710144,710144,1133,0
hadris/lazy/hint,3,1133,710144,710144,1133,0
hadris/lazy/index,1,1257,773632,773632,1257,0
hadris/lazy/index,2,1257,773632,773632,1257,0
hadris/lazy/index,3,1257,773632,773632,1257,0
hadris/stream/none,1,64840,33312768,33312768,64840,0
hadris/stream/none,2,64840,33312768,33312768,64840,0
hadris/stream/none,3,64840,33312768,33312768,64840,0
hadris/stream/hint,1,2102,1190912,1190912,2102,0
hadris/stream/hint,2,2102,1190912,1190912,2102,0
hadris/stream/hint,3,2102,1190912,1190912,2102,0
hadris/stream/index,1,2226,1254400,1254400,2226,0
hadris/stream/index,2,2226,1254400,1254400,2226,0
hadris/stream/index,3,2226,1254400,1254400,2226,0
rust-fatfs/unbuffered,1,13650,172464,172464,13615,0
rust-fatfs/unbuffered,2,13650,172464,172464,13615,0
rust-fatfs/unbuffered,3,13650,172464,172464,13615,0
rust-fatfs/buffered,1,13616,6971392,6971392,13615,0
rust-fatfs/buffered,2,13616,6971392,6971392,13615,0
rust-fatfs/buffered,3,13616,6971392,6971392,13615,0
chan-fatfs,1,64126,32832512,32832512,0,0
chan-fatfs,2,64126,32832512,32832512,0,0
chan-fatfs,3,64126,32832512,32832512,0,0
mtools,1,13,741376,741376,1,0
mtools,2,13,741376,741376,1,0
mtools,3,13,741376,741376,1,0
