run,small_files,cache,trial,samples,median_ms,image_reads,requested_image_bytes
duration2s,32,none,1,616,2.1669585,148.0,190464.0
duration2s,32,directory,1,633,2.089667,110,171008
duration2s,32,blocks,1,644,2.0530005,73.0,152064.0
duration2s,32,positions,1,646,2.08975,148.0,190464.0
duration2s,32,all,1,653,2.038667,73,152064
duration2s,256,none,1,76,18.9108335,4488.0,2412544.0
duration2s,256,directory,1,87,15.54575,600,421888
duration2s,256,blocks,1,50,23.32525,845.0,547328.0
duration2s,256,positions,1,36,41.756938,4488.0,2412544.0
duration2s,256,all,1,50,26.101729,331.0,284160.0
duration2s,1000,none,1,6,244.6298545,63916.0,32839680.0
duration2s,1000,directory,1,12,108.193979,2226.0,1254400.0
duration2s,1000,blocks,1,8,188.497125,35317.0,18196992.0
duration2s,1000,positions,1,8,192.757417,63916.0,32839680.0
duration2s,1000,all,1,16,78.245354,1181.0,719360.0
duration2s,1000,prefix256,1,14,94.993604,36220.0,18659328.0
duration2s,4000,none,1,1,1596.186792,1005540,514951168
duration2s,4000,directory,1,5,248.749416,8790,4615168
duration2s,4000,blocks,1,2,836.9553955,572396.0,293181440.0
duration2s,4000,positions,1,1,1069.094958,1005540,514951168
duration2s,4000,all,1,5,245.190792,4607,2473472
duration2s,4000,prefix256,1,1,986.397042,881844,451618816
duration2s,32,all,2,644,2.078604,73.0,152064.0
duration2s,32,positions,2,643,2.111417,148,190464
duration2s,32,blocks,2,662,2.042042,73.0,152064.0
duration2s,32,directory,2,652,2.068542,110.0,171008.0
duration2s,32,none,2,644,2.1063335,148.0,190464.0
duration2s,256,all,2,78,17.035437,331.0,284160.0
duration2s,256,positions,2,65,21.391875,4488,2412544
duration2s,256,blocks,2,73,18.364417,845,547328
duration2s,256,directory,2,77,17.159792,600,421888
duration2s,256,none,2,66,21.307896,4488.0,2412544.0
duration2s,1000,prefix256,2,14,98.480854,36220.0,18659328.0
duration2s,1000,all,2,19,67.287375,1181,719360
duration2s,1000,positions,2,12,128.054917,63916.0,32839680.0
duration2s,1000,blocks,2,12,120.933896,35317.0,18196992.0
duration2s,1000,directory,2,18,71.854208,2226.0,1254400.0
duration2s,1000,none,2,12,126.659125,63916.0,32839680.0
duration2s,4000,prefix256,2,1,1083.490458,881844,451618816
duration2s,4000,all,2,4,276.2544795,4607.0,2473472.0
duration2s,4000,positions,2,1,1204.962209,1005540,514951168
duration2s,4000,blocks,2,1,934.012083,572396,293181440
duration2s,4000,directory,2,4,281.5805,8790.0,4615168.0
duration2s,4000,none,2,1,1199.723708,1005540,514951168
fixed21,1000,none,1,21,112.295792,63916,32839680
fixed21,1000,directory,1,21,59.824958,2226,1254400
fixed21,1000,all,1,21,59.550209,1181,719360
fixed21,1000,prefix256,1,21,88.972208,36220,18659328
fixed21,1000,prefix256,2,21,88.5995,36220,18659328
fixed21,1000,all,2,21,59.574583,1181,719360
fixed21,1000,directory,2,21,60.5135,2226,1254400
fixed21,1000,none,2,21,112.641166,63916,32839680
