implementation,trial,sample,elapsed_ns,operation_ns,peak_rss_bytes,image_read_calls,requested_image_bytes,hadris_driver_bytes
hadris/lazy/none,1,1,124244250,119088000,3178496,63871,32832000,4608
hadris/lazy/none,1,2,123314250,118130834,3162112,63871,32832000,4608
hadris/lazy/none,1,3,126445042,121501583,3162112,63871,32832000,4608
hadris/lazy/none,1,4,127295000,122455416,3162112,63871,32832000,4608
hadris/lazy/none,1,5,126653667,121549417,3178496,63871,32832000,4608
hadris/lazy/none,1,6,132411958,127304375,3145728,63871,32832000,4608
hadris/lazy/none,1,7,126375292,121436708,3162112,63871,32832000,4608
hadris/lazy/none,1,8,123955208,119066333,3162112,63871,32832000,4608
hadris/lazy/none,1,9,123223750,118291167,3162112,63871,32832000,4608
hadris/lazy/none,1,10,124717458,119651125,3145728,63871,32832000,4608
hadris/lazy/none,1,11,125291042,120001708,3162112,63871,32832000,4608
hadris/lazy/none,1,12,124041417,118905792,3162112,63871,32832000,4608
hadris/lazy/none,1,13,125736792,120697334,3162112,63871,32832000,4608
hadris/lazy/none,1,14,123665333,118773000,3162112,63871,32832000,4608
hadris/lazy/none,1,15,123878459,119203000,3162112,63871,32832000,4608
hadris/lazy/none,1,16,123807125,118952875,3145728,63871,32832000,4608
hadris/lazy/none,1,17,127512375,121509792,3178496,63871,32832000,4608
hadris/lazy/none,1,18,127784375,122395709,3145728,63871,32832000,4608
hadris/lazy/none,1,19,132364084,127642375,3162112,63871,32832000,4608
hadris/lazy/none,1,20,124540667,119653125,3162112,63871,32832000,4608
hadris/lazy/none,1,21,125068500,119937792,3162112,63871,32832000,4608
hadris/lazy/hint,1,1,74445834,69451917,3162112,1133,710144,4608
hadris/lazy/hint,1,2,75769750,70511917,3145728,1133,710144,4608
hadris/lazy/hint,1,3,73375292,68372500,3162112,1133,710144,4608
hadris/lazy/hint,1,4,72666834,67478166,3162112,1133,710144,4608
hadris/lazy/hint,1,5,72953792,68003583,3162112,1133,710144,4608
hadris/lazy/hint,1,6,72864584,67986000,3162112,1133,710144,4608
hadris/lazy/hint,1,7,74634084,69801500,3178496,1133,710144,4608
hadris/lazy/hint,1,8,73805625,68433792,3178496,1133,710144,4608
hadris/lazy/hint,1,9,73729458,68587958,3162112,1133,710144,4608
hadris/lazy/hint,1,10,73447625,68541375,3145728,1133,710144,4608
hadris/lazy/hint,1,11,73357250,67971375,3162112,1133,710144,4608
hadris/lazy/hint,1,12,73514125,68146542,3162112,1133,710144,4608
hadris/lazy/hint,1,13,74679917,69764583,3162112,1133,710144,4608
hadris/lazy/hint,1,14,74830708,69823375,3145728,1133,710144,4608
hadris/lazy/hint,1,15,73501917,68596416,3178496,1133,710144,4608
hadris/lazy/hint,1,16,74354542,69746167,3162112,1133,710144,4608
hadris/lazy/hint,1,17,73765500,68656500,3178496,1133,710144,4608
hadris/lazy/hint,1,18,73854542,68406167,3162112,1133,710144,4608
hadris/lazy/hint,1,19,72037750,66785958,3145728,1133,710144,4608
hadris/lazy/hint,1,20,80111750,75021333,3178496,1133,710144,4608
hadris/lazy/hint,1,21,74275917,69080917,3145728,1133,710144,4608
hadris/lazy/index,1,1,76112167,70719250,3260416,1257,773632,4608
hadris/lazy/index,1,2,75682500,70158375,3276800,1257,773632,4608
hadris/lazy/index,1,3,75007084,69221917,3276800,1257,773632,4608
hadris/lazy/index,1,4,76276875,71137875,3276800,1257,773632,4608
hadris/lazy/index,1,5,77050167,72001375,3276800,1257,773632,4608
hadris/lazy/index,1,6,75423250,70423958,3276800,1257,773632,4608
hadris/lazy/index,1,7,75357875,69874584,3260416,1257,773632,4608
hadris/lazy/index,1,8,74008000,68797333,3244032,1257,773632,4608
hadris/lazy/index,1,9,74998250,70214125,3260416,1257,773632,4608
hadris/lazy/index,1,10,73694584,68617000,3260416,1257,773632,4608
hadris/lazy/index,1,11,73964458,68731375,3244032,1257,773632,4608
hadris/lazy/index,1,12,78406667,73469625,3260416,1257,773632,4608
hadris/lazy/index,1,13,73569084,68559959,3244032,1257,773632,4608
hadris/lazy/index,1,14,73646958,68120541,3276800,1257,773632,4608
hadris/lazy/index,1,15,74942542,69547584,3260416,1257,773632,4608
hadris/lazy/index,1,16,74451791,69459500,3260416,1257,773632,4608
hadris/lazy/index,1,17,73661875,68319417,3260416,1257,773632,4608
hadris/lazy/index,1,18,74442208,69406416,3260416,1257,773632,4608
hadris/lazy/index,1,19,74313459,68834750,3276800,1257,773632,4608
hadris/lazy/index,1,20,75301792,70265959,3260416,1257,773632,4608
hadris/lazy/index,1,21,75147708,69294709,3260416,1257,773632,4608
hadris/stream/none,1,1,111348458,106228166,2588672,64840,33312768,4608
hadris/stream/none,1,2,111773542,106471125,2588672,64840,33312768,4608
hadris/stream/none,1,3,111044417,105671708,2588672,64840,33312768,4608
hadris/stream/none,1,4,111011375,106046875,2588672,64840,33312768,4608
hadris/stream/none,1,5,115768959,110700708,2572288,64840,33312768,4608
hadris/stream/none,1,6,111462750,106233709,2588672,64840,33312768,4608
hadris/stream/none,1,7,112099208,106388792,2588672,64840,33312768,4608
hadris/stream/none,1,8,110826333,105932875,2588672,64840,33312768,4608
hadris/stream/none,1,9,113370458,108119542,2588672,64840,33312768,4608
hadris/stream/none,1,10,113484875,108213625,2588672,64840,33312768,4608
hadris/stream/none,1,11,111548791,106370709,2588672,64840,33312768,4608
hadris/stream/none,1,12,110990208,105635791,2588672,64840,33312768,4608
hadris/stream/none,1,13,110744416,105860792,2588672,64840,33312768,4608
hadris/stream/none,1,14,111568250,106603125,2588672,64840,33312768,4608
hadris/stream/none,1,15,111221458,105884542,2588672,64840,33312768,4608
hadris/stream/none,1,16,111123791,106004833,2588672,64840,33312768,4608
hadris/stream/none,1,17,110223167,105410208,2588672,64840,33312768,4608
hadris/stream/none,1,18,110509792,105341500,2588672,64840,33312768,4608
hadris/stream/none,1,19,111070541,105938875,2588672,64840,33312768,4608
hadris/stream/none,1,20,110917459,105874583,2588672,64840,33312768,4608
hadris/stream/none,1,21,111059541,105863791,2588672,64840,33312768,4608
hadris/stream/hint,1,1,56683541,51262417,2588672,2102,1190912,4608
hadris/stream/hint,1,2,57591958,52855333,2588672,2102,1190912,4608
hadris/stream/hint,1,3,58331750,53200292,2588672,2102,1190912,4608
hadris/stream/hint,1,4,57878542,52890625,2588672,2102,1190912,4608
hadris/stream/hint,1,5,56791417,51665000,2588672,2102,1190912,4608
hadris/stream/hint,1,6,59104375,53463042,2588672,2102,1190912,4608
hadris/stream/hint,1,7,57630667,52489000,2588672,2102,1190912,4608
hadris/stream/hint,1,8,57772542,52726833,2588672,2102,1190912,4608
hadris/stream/hint,1,9,56703417,51496500,2588672,2102,1190912,4608
hadris/stream/hint,1,10,61400000,56386750,2588672,2102,1190912,4608
hadris/stream/hint,1,11,61483541,56353375,2588672,2102,1190912,4608
hadris/stream/hint,1,12,60937958,55793459,2588672,2102,1190912,4608
hadris/stream/hint,1,13,57397875,52514250,2588672,2102,1190912,4608
hadris/stream/hint,1,14,57562125,52554541,2588672,2102,1190912,4608
hadris/stream/hint,1,15,57316916,52113541,2588672,2102,1190912,4608
hadris/stream/hint,1,16,63797792,58557459,2588672,2102,1190912,4608
hadris/stream/hint,1,17,57852541,52317708,2572288,2102,1190912,4608
hadris/stream/hint,1,18,56893125,51878000,2588672,2102,1190912,4608
hadris/stream/hint,1,19,58134875,52979209,2588672,2102,1190912,4608
hadris/stream/hint,1,20,56960875,51678209,2588672,2102,1190912,4608
hadris/stream/hint,1,21,58273667,53103708,2588672,2102,1190912,4608
hadris/stream/index,1,1,59628792,54205083,2703360,2226,1254400,4608
hadris/stream/index,1,2,58095625,53103333,2703360,2226,1254400,4608
hadris/stream/index,1,3,58844500,53330834,2703360,2226,1254400,4608
hadris/stream/index,1,4,59029333,53403208,2703360,2226,1254400,4608
hadris/stream/index,1,5,62346125,57176417,2703360,2226,1254400,4608
hadris/stream/index,1,6,58621708,53514875,2686976,2226,1254400,4608
hadris/stream/index,1,7,58258792,53083583,2703360,2226,1254400,4608
hadris/stream/index,1,8,57589208,52842292,2703360,2226,1254400,4608
hadris/stream/index,1,9,59348375,54036542,2703360,2226,1254400,4608
hadris/stream/index,1,10,57789875,52866583,2703360,2226,1254400,4608
hadris/stream/index,1,11,63099958,57921167,2703360,2226,1254400,4608
hadris/stream/index,1,12,57839125,52718000,2703360,2226,1254400,4608
hadris/stream/index,1,13,59673458,54199375,2703360,2226,1254400,4608
hadris/stream/index,1,14,57311084,52153333,2703360,2226,1254400,4608
hadris/stream/index,1,15,58084125,53025875,2703360,2226,1254400,4608
hadris/stream/index,1,16,57367166,52595625,2703360,2226,1254400,4608
hadris/stream/index,1,17,57929208,53234208,2703360,2226,1254400,4608
hadris/stream/index,1,18,58689500,53436417,2703360,2226,1254400,4608
hadris/stream/index,1,19,57925125,52600709,2703360,2226,1254400,4608
hadris/stream/index,1,20,57754000,52772584,2703360,2226,1254400,4608
hadris/stream/index,1,21,58890542,53950708,2686976,2226,1254400,4608
rust-fatfs/unbuffered,1,1,63240625,58058917,2490368,13650,172464,
rust-fatfs/unbuffered,1,2,63736416,58507916,2490368,13650,172464,
rust-fatfs/unbuffered,1,3,63166500,58006125,2490368,13650,172464,
rust-fatfs/unbuffered,1,4,62902958,57825750,2490368,13650,172464,
rust-fatfs/unbuffered,1,5,66847583,61796292,2490368,13650,172464,
rust-fatfs/unbuffered,1,6,62766333,57916250,2490368,13650,172464,
rust-fatfs/unbuffered,1,7,63643834,58332208,2490368,13650,172464,
rust-fatfs/unbuffered,1,8,63560875,58461500,2490368,13650,172464,
rust-fatfs/unbuffered,1,9,63254458,58251625,2490368,13650,172464,
rust-fatfs/unbuffered,1,10,63157375,58089750,2490368,13650,172464,
rust-fatfs/unbuffered,1,11,63560584,58502875,2490368,13650,172464,
rust-fatfs/unbuffered,1,12,64457833,59547542,2490368,13650,172464,
rust-fatfs/unbuffered,1,13,64247375,58861542,2490368,13650,172464,
rust-fatfs/unbuffered,1,14,64136375,58841917,2490368,13650,172464,
rust-fatfs/unbuffered,1,15,63883625,58620625,2490368,13650,172464,
rust-fatfs/unbuffered,1,16,63742166,58645167,2490368,13650,172464,
rust-fatfs/unbuffered,1,17,63533917,58565875,2490368,13650,172464,
rust-fatfs/unbuffered,1,18,63954625,58916708,2490368,13650,172464,
rust-fatfs/unbuffered,1,19,63563542,58261917,2490368,13650,172464,
rust-fatfs/unbuffered,1,20,62565208,57394375,2490368,13650,172464,
rust-fatfs/unbuffered,1,21,62432334,57086042,2473984,13650,172464,
rust-fatfs/buffered,1,1,62300791,56856917,2490368,13616,6971392,
rust-fatfs/buffered,1,2,63179708,58194334,2490368,13616,6971392,
rust-fatfs/buffered,1,3,61951417,56975458,2490368,13616,6971392,
rust-fatfs/buffered,1,4,64708959,59288042,2490368,13616,6971392,
rust-fatfs/buffered,1,5,65402584,60008709,2490368,13616,6971392,
rust-fatfs/buffered,1,6,64590125,59434000,2490368,13616,6971392,
rust-fatfs/buffered,1,7,64268042,59017166,2490368,13616,6971392,
rust-fatfs/buffered,1,8,63600292,58529708,2490368,13616,6971392,
rust-fatfs/buffered,1,9,63059125,57693875,2490368,13616,6971392,
rust-fatfs/buffered,1,10,63441208,58557083,2490368,13616,6971392,
rust-fatfs/buffered,1,11,63454834,58391292,2490368,13616,6971392,
rust-fatfs/buffered,1,12,63731666,58266167,2490368,13616,6971392,
rust-fatfs/buffered,1,13,63525875,58006916,2490368,13616,6971392,
rust-fatfs/buffered,1,14,62762083,57769708,2490368,13616,6971392,
rust-fatfs/buffered,1,15,63079083,57948083,2490368,13616,6971392,
rust-fatfs/buffered,1,16,63259125,58415500,2490368,13616,6971392,
rust-fatfs/buffered,1,17,63500583,58235625,2490368,13616,6971392,
rust-fatfs/buffered,1,18,64022791,58848709,2490368,13616,6971392,
rust-fatfs/buffered,1,19,63197084,58230791,2490368,13616,6971392,
rust-fatfs/buffered,1,20,63459416,58177833,2490368,13616,6971392,
rust-fatfs/buffered,1,21,63414125,57823959,2490368,13616,6971392,
chan-fatfs,1,1,81561959,,1802240,64126,32832512,
chan-fatfs,1,2,80387375,,1802240,64126,32832512,
chan-fatfs,1,3,79409625,,1802240,64126,32832512,
chan-fatfs,1,4,80439125,,1802240,64126,32832512,
chan-fatfs,1,5,79758250,,1802240,64126,32832512,
chan-fatfs,1,6,80594583,,1802240,64126,32832512,
chan-fatfs,1,7,79714000,,1802240,64126,32832512,
chan-fatfs,1,8,79438833,,1802240,64126,32832512,
chan-fatfs,1,9,80467458,,1802240,64126,32832512,
chan-fatfs,1,10,80794917,,1802240,64126,32832512,
chan-fatfs,1,11,87002584,,1802240,64126,32832512,
chan-fatfs,1,12,80434750,,1802240,64126,32832512,
chan-fatfs,1,13,80638500,,1802240,64126,32832512,
chan-fatfs,1,14,77886625,,1802240,64126,32832512,
chan-fatfs,1,15,80363375,,1802240,64126,32832512,
chan-fatfs,1,16,80058416,,1802240,64126,32832512,
chan-fatfs,1,17,80288458,,1802240,64126,32832512,
chan-fatfs,1,18,79048459,,1785856,64126,32832512,
chan-fatfs,1,19,79804334,,1802240,64126,32832512,
chan-fatfs,1,20,79528417,,1802240,64126,32832512,
chan-fatfs,1,21,79677250,,1802240,64126,32832512,
mtools,1,1,65952875,,3325952,13,741376,
mtools,1,2,62904917,,3309568,13,741376,
mtools,1,3,63847667,,3309568,13,741376,
mtools,1,4,62606542,,3325952,13,741376,
mtools,1,5,64967458,,3325952,13,741376,
mtools,1,6,61502584,,3309568,13,741376,
mtools,1,7,62221083,,3309568,13,741376,
mtools,1,8,63878417,,3309568,13,741376,
mtools,1,9,63454000,,3325952,13,741376,
mtools,1,10,62369542,,3325952,13,741376,
mtools,1,11,63968750,,3309568,13,741376,
mtools,1,12,62696625,,3309568,13,741376,
mtools,1,13,62756916,,3309568,13,741376,
mtools,1,14,62608167,,3309568,13,741376,
mtools,1,15,62048875,,3325952,13,741376,
mtools,1,16,62417709,,3325952,13,741376,
mtools,1,17,63482959,,3309568,13,741376,
mtools,1,18,62354958,,3325952,13,741376,
mtools,1,19,63157833,,3325952,13,741376,
mtools,1,20,64270166,,3309568,13,741376,
mtools,1,21,63511459,,3325952,13,741376,
mtools,2,1,63110959,,3325952,13,741376,
mtools,2,2,63573250,,3309568,13,741376,
mtools,2,3,62693042,,3309568,13,741376,
mtools,2,4,63456125,,3325952,13,741376,
mtools,2,5,63113458,,3309568,13,741376,
mtools,2,6,96456292,,3325952,13,741376,
mtools,2,7,63440666,,3325952,13,741376,
mtools,2,8,68004750,,3309568,13,741376,
mtools,2,9,63454708,,3309568,13,741376,
mtools,2,10,62435208,,3309568,13,741376,
mtools,2,11,63283666,,3325952,13,741376,
mtools,2,12,62946167,,3309568,13,741376,
mtools,2,13,62517500,,3325952,13,741376,
mtools,2,14,62798625,,3325952,13,741376,
mtools,2,15,63532375,,3309568,13,741376,
mtools,2,16,63069750,,3325952,13,741376,
mtools,2,17,62815833,,3309568,13,741376,
mtools,2,18,62780584,,3325952,13,741376,
mtools,2,19,62566292,,3325952,13,741376,
mtools,2,20,62491792,,3309568,13,741376,
mtools,2,21,65100542,,3325952,13,741376,
chan-fatfs,2,1,81320250,,1802240,64126,32832512,
chan-fatfs,2,2,80239291,,1785856,64126,32832512,
chan-fatfs,2,3,83831250,,1802240,64126,32832512,
chan-fatfs,2,4,79168584,,1802240,64126,32832512,
chan-fatfs,2,5,80417042,,1802240,64126,32832512,
chan-fatfs,2,6,80064000,,1802240,64126,32832512,
chan-fatfs,2,7,79355125,,1802240,64126,32832512,
chan-fatfs,2,8,79264542,,1802240,64126,32832512,
chan-fatfs,2,9,79493666,,1802240,64126,32832512,
chan-fatfs,2,10,80010000,,1802240,64126,32832512,
chan-fatfs,2,11,80388708,,1802240,64126,32832512,
chan-fatfs,2,12,79271333,,1802240,64126,32832512,
chan-fatfs,2,13,79791833,,1802240,64126,32832512,
chan-fatfs,2,14,81241000,,1802240,64126,32832512,
chan-fatfs,2,15,79746083,,1802240,64126,32832512,
chan-fatfs,2,16,79892208,,1802240,64126,32832512,
chan-fatfs,2,17,79815875,,1802240,64126,32832512,
chan-fatfs,2,18,84947875,,1802240,64126,32832512,
chan-fatfs,2,19,79767000,,1802240,64126,32832512,
chan-fatfs,2,20,79863125,,1802240,64126,32832512,
chan-fatfs,2,21,78280042,,1802240,64126,32832512,
rust-fatfs/buffered,2,1,63459208,58183125,2490368,13616,6971392,
rust-fatfs/buffered,2,2,64075125,58480500,2490368,13616,6971392,
rust-fatfs/buffered,2,3,63873292,58450625,2490368,13616,6971392,
rust-fatfs/buffered,2,4,63869291,58763084,2490368,13616,6971392,
rust-fatfs/buffered,2,5,64016208,58509083,2490368,13616,6971392,
rust-fatfs/buffered,2,6,64324209,59468958,2490368,13616,6971392,
rust-fatfs/buffered,2,7,64597875,59353958,2490368,13616,6971392,
rust-fatfs/buffered,2,8,64413500,59363875,2490368,13616,6971392,
rust-fatfs/buffered,2,9,63284250,58138125,2490368,13616,6971392,
rust-fatfs/buffered,2,10,63074000,57840542,2490368,13616,6971392,
rust-fatfs/buffered,2,11,64454875,59162916,2490368,13616,6971392,
rust-fatfs/buffered,2,12,64783417,59590583,2490368,13616,6971392,
rust-fatfs/buffered,2,13,71412917,65850166,2473984,13616,6971392,
rust-fatfs/buffered,2,14,63625750,58513208,2490368,13616,6971392,
rust-fatfs/buffered,2,15,63827042,58689291,2490368,13616,6971392,
rust-fatfs/buffered,2,16,63238625,58282333,2490368,13616,6971392,
rust-fatfs/buffered,2,17,65072583,59976917,2490368,13616,6971392,
rust-fatfs/buffered,2,18,65795666,60696917,2490368,13616,6971392,
rust-fatfs/buffered,2,19,64627709,59640583,2490368,13616,6971392,
rust-fatfs/buffered,2,20,64228041,59003417,2490368,13616,6971392,
rust-fatfs/buffered,2,21,63916166,58839750,2490368,13616,6971392,
rust-fatfs/unbuffered,2,1,63258875,58192167,2490368,13650,172464,
rust-fatfs/unbuffered,2,2,63205958,58206042,2490368,13650,172464,
rust-fatfs/unbuffered,2,3,63216083,58225625,2490368,13650,172464,
rust-fatfs/unbuffered,2,4,62821542,57547917,2490368,13650,172464,
rust-fatfs/unbuffered,2,5,63302333,58020083,2490368,13650,172464,
rust-fatfs/unbuffered,2,6,64474625,59174542,2490368,13650,172464,
rust-fatfs/unbuffered,2,7,66819125,61742667,2490368,13650,172464,
rust-fatfs/unbuffered,2,8,63269250,58094042,2490368,13650,172464,
rust-fatfs/unbuffered,2,9,63895334,58850666,2490368,13650,172464,
rust-fatfs/unbuffered,2,10,63140875,57972333,2490368,13650,172464,
rust-fatfs/unbuffered,2,11,62926583,57629625,2490368,13650,172464,
rust-fatfs/unbuffered,2,12,63348000,58079291,2490368,13650,172464,
rust-fatfs/unbuffered,2,13,62403583,57456583,2490368,13650,172464,
rust-fatfs/unbuffered,2,14,63831000,58484083,2490368,13650,172464,
rust-fatfs/unbuffered,2,15,63619333,58453542,2490368,13650,172464,
rust-fatfs/unbuffered,2,16,62850084,57855792,2490368,13650,172464,
rust-fatfs/unbuffered,2,17,65153209,59904459,2490368,13650,172464,
rust-fatfs/unbuffered,2,18,63962000,58686667,2490368,13650,172464,
rust-fatfs/unbuffered,2,19,63324500,58090875,2490368,13650,172464,
rust-fatfs/unbuffered,2,20,64226792,58996958,2490368,13650,172464,
rust-fatfs/unbuffered,2,21,64642291,59636125,2490368,13650,172464,
hadris/stream/index,2,1,59346584,53988583,2703360,2226,1254400,4608
hadris/stream/index,2,2,62587250,57502167,2703360,2226,1254400,4608
hadris/stream/index,2,3,58656042,53123458,2703360,2226,1254400,4608
hadris/stream/index,2,4,59523250,54079375,2703360,2226,1254400,4608
hadris/stream/index,2,5,57613708,52401583,2703360,2226,1254400,4608
hadris/stream/index,2,6,58255958,53164375,2703360,2226,1254400,4608
hadris/stream/index,2,7,58206500,53292458,2703360,2226,1254400,4608
hadris/stream/index,2,8,59033541,53802708,2703360,2226,1254400,4608
hadris/stream/index,2,9,58288959,53131958,2703360,2226,1254400,4608
hadris/stream/index,2,10,59319084,54014167,2703360,2226,1254400,4608
hadris/stream/index,2,11,60009417,54954167,2703360,2226,1254400,4608
hadris/stream/index,2,12,58122416,52664083,2703360,2226,1254400,4608
hadris/stream/index,2,13,57638709,52273625,2703360,2226,1254400,4608
hadris/stream/index,2,14,58264667,53154417,2703360,2226,1254400,4608
hadris/stream/index,2,15,58054708,52819875,2703360,2226,1254400,4608
hadris/stream/index,2,16,58470208,52817542,2703360,2226,1254400,4608
hadris/stream/index,2,17,58867625,53648042,2703360,2226,1254400,4608
hadris/stream/index,2,18,59890625,54202125,2703360,2226,1254400,4608
hadris/stream/index,2,19,59740084,54567209,2703360,2226,1254400,4608
hadris/stream/index,2,20,61386333,55619916,2703360,2226,1254400,4608
hadris/stream/index,2,21,58365292,53079167,2703360,2226,1254400,4608
hadris/stream/hint,2,1,57323292,51918125,2588672,2102,1190912,4608
hadris/stream/hint,2,2,57875583,52594792,2588672,2102,1190912,4608
hadris/stream/hint,2,3,57809583,52332541,2588672,2102,1190912,4608
hadris/stream/hint,2,4,57105625,52022375,2588672,2102,1190912,4608
hadris/stream/hint,2,5,58757125,53691833,2588672,2102,1190912,4608
hadris/stream/hint,2,6,58050041,52644667,2588672,2102,1190912,4608
hadris/stream/hint,2,7,57027125,51853167,2588672,2102,1190912,4608
hadris/stream/hint,2,8,59094875,53519875,2588672,2102,1190912,4608
hadris/stream/hint,2,9,57364083,52185792,2588672,2102,1190912,4608
hadris/stream/hint,2,10,59270500,53906792,2588672,2102,1190912,4608
hadris/stream/hint,2,11,56687292,51536916,2588672,2102,1190912,4608
hadris/stream/hint,2,12,59154166,53904500,2588672,2102,1190912,4608
hadris/stream/hint,2,13,65641709,60399333,2588672,2102,1190912,4608
hadris/stream/hint,2,14,58145042,53106042,2588672,2102,1190912,4608
hadris/stream/hint,2,15,57295750,51840750,2588672,2102,1190912,4608
hadris/stream/hint,2,16,57511583,52226167,2588672,2102,1190912,4608
hadris/stream/hint,2,17,58279292,53152792,2588672,2102,1190912,4608
hadris/stream/hint,2,18,56954417,51745000,2588672,2102,1190912,4608
hadris/stream/hint,2,19,58140042,52994208,2588672,2102,1190912,4608
hadris/stream/hint,2,20,56594875,51549333,2588672,2102,1190912,4608
hadris/stream/hint,2,21,56569000,51384542,2588672,2102,1190912,4608
hadris/stream/none,2,1,110051125,105089333,2588672,64840,33312768,4608
hadris/stream/none,2,2,112389292,106388708,2588672,64840,33312768,4608
hadris/stream/none,2,3,109474416,104403875,2588672,64840,33312768,4608
hadris/stream/none,2,4,109308750,104289500,2588672,64840,33312768,4608
hadris/stream/none,2,5,109529416,104601708,2588672,64840,33312768,4608
hadris/stream/none,2,6,109283584,104529375,2588672,64840,33312768,4608
hadris/stream/none,2,7,108971000,103772250,2588672,64840,33312768,4608
hadris/stream/none,2,8,110567667,105533209,2588672,64840,33312768,4608
hadris/stream/none,2,9,110252041,105200000,2588672,64840,33312768,4608
hadris/stream/none,2,10,110567667,105424750,2588672,64840,33312768,4608
hadris/stream/none,2,11,109926000,104771333,2588672,64840,33312768,4608
hadris/stream/none,2,12,110698375,105320375,2588672,64840,33312768,4608
hadris/stream/none,2,13,114201584,108850667,2588672,64840,33312768,4608
hadris/stream/none,2,14,112433083,107497667,2588672,64840,33312768,4608
hadris/stream/none,2,15,110516625,105207375,2588672,64840,33312768,4608
hadris/stream/none,2,16,110390417,105556833,2588672,64840,33312768,4608
hadris/stream/none,2,17,110936959,105746208,2588672,64840,33312768,4608
hadris/stream/none,2,18,110123792,104782583,2588672,64840,33312768,4608
hadris/stream/none,2,19,111107042,105937083,2588672,64840,33312768,4608
hadris/stream/none,2,20,111833333,106588583,2588672,64840,33312768,4608
hadris/stream/none,2,21,111447667,106081208,2588672,64840,33312768,4608
hadris/lazy/index,2,1,74634500,69533500,3260416,1257,773632,4608
hadris/lazy/index,2,2,78873542,73658625,3260416,1257,773632,4608
hadris/lazy/index,2,3,73140333,67876083,3260416,1257,773632,4608
hadris/lazy/index,2,4,72875791,67393459,3260416,1257,773632,4608
hadris/lazy/index,2,5,74092708,68879250,3260416,1257,773632,4608
hadris/lazy/index,2,6,73543709,68554792,3260416,1257,773632,4608
hadris/lazy/index,2,7,74887958,69643292,3244032,1257,773632,4608
hadris/lazy/index,2,8,72655292,67528750,3276800,1257,773632,4608
hadris/lazy/index,2,9,74581667,69558208,3276800,1257,773632,4608
hadris/lazy/index,2,10,73197250,68138875,3244032,1257,773632,4608
hadris/lazy/index,2,11,74323959,69454583,3260416,1257,773632,4608
hadris/lazy/index,2,12,74951875,69743084,3260416,1257,773632,4608
hadris/lazy/index,2,13,72573750,67603166,3260416,1257,773632,4608
hadris/lazy/index,2,14,73723667,68865334,3276800,1257,773632,4608
hadris/lazy/index,2,15,74819333,69288166,3260416,1257,773632,4608
hadris/lazy/index,2,16,83745125,78655791,3260416,1257,773632,4608
hadris/lazy/index,2,17,74554125,69571500,3260416,1257,773632,4608
hadris/lazy/index,2,18,73276041,68357250,3244032,1257,773632,4608
hadris/lazy/index,2,19,74260334,68981000,3260416,1257,773632,4608
hadris/lazy/index,2,20,73605250,68587708,3260416,1257,773632,4608
hadris/lazy/index,2,21,73101208,68030834,3260416,1257,773632,4608
hadris/lazy/hint,2,1,73501167,68110666,3162112,1133,710144,4608
hadris/lazy/hint,2,2,73171625,68004500,3178496,1133,710144,4608
hadris/lazy/hint,2,3,73573625,68363959,3178496,1133,710144,4608
hadris/lazy/hint,2,4,72904958,67802000,3162112,1133,710144,4608
hadris/lazy/hint,2,5,72680958,67644250,3162112,1133,710144,4608
hadris/lazy/hint,2,6,73141291,68029208,3145728,1133,710144,4608
hadris/lazy/hint,2,7,74056167,69031209,3178496,1133,710144,4608
hadris/lazy/hint,2,8,77439166,72197416,3162112,1133,710144,4608
hadris/lazy/hint,2,9,73142750,67529917,3162112,1133,710144,4608
hadris/lazy/hint,2,10,73104209,68038917,3162112,1133,710144,4608
hadris/lazy/hint,2,11,73170167,68103542,3162112,1133,710144,4608
hadris/lazy/hint,2,12,72126917,66961250,3162112,1133,710144,4608
hadris/lazy/hint,2,13,72370375,67291458,3162112,1133,710144,4608
hadris/lazy/hint,2,14,71418875,66282792,3162112,1133,710144,4608
hadris/lazy/hint,2,15,73594792,68497916,3162112,1133,710144,4608
hadris/lazy/hint,2,16,73289333,68178667,3145728,1133,710144,4608
hadris/lazy/hint,2,17,72698750,67836042,3162112,1133,710144,4608
hadris/lazy/hint,2,18,72056708,67026375,3145728,1133,710144,4608
hadris/lazy/hint,2,19,71297500,66391167,3162112,1133,710144,4608
hadris/lazy/hint,2,20,71777000,66615583,3162112,1133,710144,4608
hadris/lazy/hint,2,21,72339791,67547042,3178496,1133,710144,4608
hadris/lazy/none,2,1,123226041,118412417,3145728,63871,32832000,4608
hadris/lazy/none,2,2,123457916,118538750,3178496,63871,32832000,4608
hadris/lazy/none,2,3,124090167,118764708,3162112,63871,32832000,4608
hadris/lazy/none,2,4,125216209,119909791,3162112,63871,32832000,4608
hadris/lazy/none,2,5,123883042,118778458,3178496,63871,32832000,4608
hadris/lazy/none,2,6,124395625,119201167,3178496,63871,32832000,4608
hadris/lazy/none,2,7,124359958,119051666,3162112,63871,32832000,4608
hadris/lazy/none,2,8,124269500,118945917,3162112,63871,32832000,4608
hadris/lazy/none,2,9,124263916,119447125,3178496,63871,32832000,4608
hadris/lazy/none,2,10,124963000,119784042,3145728,63871,32832000,4608
hadris/lazy/none,2,11,124601583,119460166,3162112,63871,32832000,4608
hadris/lazy/none,2,12,124271833,119194208,3145728,63871,32832000,4608
hadris/lazy/none,2,13,123431583,118483875,3178496,63871,32832000,4608
hadris/lazy/none,2,14,124137542,119060000,3162112,63871,32832000,4608
hadris/lazy/none,2,15,125195792,120097667,3178496,63871,32832000,4608
hadris/lazy/none,2,16,128335000,123026042,3162112,63871,32832000,4608
hadris/lazy/none,2,17,124736000,119552042,3178496,63871,32832000,4608
hadris/lazy/none,2,18,123233292,118079208,3162112,63871,32832000,4608
hadris/lazy/none,2,19,124582459,119319084,3145728,63871,32832000,4608
hadris/lazy/none,2,20,124399917,119469167,3178496,63871,32832000,4608
hadris/lazy/none,2,21,125394334,120382125,3162112,63871,32832000,4608
