layout,peer,capacity_blocks,trial,sample,elapsed_ns,operation_ns,peak_rss_bytes,read_calls,read_bytes
fragmented,hadris/lazy,16,1,1,72388417,66952542,3227648,514,721920
fragmented,hadris/stream,128,1,1,56147792,51065250,2719744,348,984576
contiguous,hadris/lazy,0,1,1,74979084,69831750,3211264,1133,710144
fragmented,hadris/lazy,128,1,1,74192583,68115875,3276800,375,772608
contiguous,hadris/stream,128,1,1,56841084,51736500,2719744,65,1004544
fragmented,hadris/lazy,0,1,1,74870167,69404125,3211264,1418,726016
contiguous,hadris/stream,0,1,1,65831833,59486209,2654208,2102,1190912
fragmented,hadris/stream,16,1,1,80018916,73255000,2670592,553,763392
contiguous,hadris/stream,16,1,1,64893375,58400084,2670592,297,750592
contiguous,hadris/lazy,16,1,1,81403750,75362917,3211264,228,709120
fragmented,hadris/stream,0,1,1,60475375,54636917,2654208,2357,1206784
contiguous,hadris/lazy,128,1,1,74754583,69044875,3293184,89,788480
fragmented,hadris/stream,0,1,2,59371375,53902541,2654208,2357,1206784
fragmented,hadris/stream,128,1,2,57189083,51720417,2719744,348,984576
contiguous,hadris/stream,0,1,2,59022500,53766791,2654208,2102,1190912
contiguous,hadris/stream,16,1,2,56898250,51309667,2670592,297,750592
fragmented,hadris/lazy,16,1,2,76920167,70814625,3227648,514,721920
fragmented,hadris/lazy,0,1,2,108226708,97619541,3244032,1418,726016
fragmented,hadris/lazy,128,1,2,75467250,69942333,3276800,375,772608
contiguous,hadris/lazy,128,1,2,73009416,67908709,3293184,89,788480
contiguous,hadris/stream,128,1,2,58830000,52981041,2719744,65,1004544
fragmented,hadris/stream,16,1,2,62698167,56293625,2670592,553,763392
contiguous,hadris/lazy,16,1,2,74138625,68480875,3227648,228,709120
contiguous,hadris/lazy,0,1,2,74046500,68250791,3211264,1133,710144
contiguous,hadris/lazy,16,1,3,74171083,68693542,3227648,228,709120
fragmented,hadris/lazy,16,1,3,90830792,85156458,3227648,514,721920
fragmented,hadris/stream,16,1,3,59148209,53919833,2686976,553,763392
contiguous,hadris/lazy,0,1,3,80579625,75241375,3211264,1133,710144
fragmented,hadris/lazy,0,1,3,76684667,71338208,3211264,1418,726016
fragmented,hadris/stream,128,1,3,56135458,50724041,2719744,348,984576
contiguous,hadris/stream,16,1,3,55891166,50621333,2670592,297,750592
contiguous,hadris/stream,128,1,3,55784500,50315791,2719744,65,1004544
contiguous,hadris/lazy,128,1,3,73675542,67910250,3276800,89,788480
fragmented,hadris/lazy,128,1,3,73056292,67465167,3293184,375,772608
fragmented,hadris/stream,0,1,3,65327584,59187667,2654208,2357,1206784
contiguous,hadris/stream,0,1,3,64362000,56838375,2654208,2102,1190912
fragmented,hadris/stream,128,1,4,57863000,52244041,2719744,348,984576
contiguous,hadris/lazy,128,1,4,74184917,68803334,3260416,89,788480
fragmented,hadris/lazy,128,1,4,83785333,77902917,3276800,375,772608
fragmented,hadris/stream,16,1,4,56716125,51168667,2670592,553,763392
contiguous,hadris/stream,128,1,4,58321542,51697791,2719744,65,1004544
contiguous,hadris/lazy,0,1,4,78796292,73030625,3211264,1133,710144
fragmented,hadris/stream,0,1,4,60505291,54715958,2654208,2357,1206784
fragmented,hadris/lazy,16,1,4,74438291,68582958,3211264,514,721920
fragmented,hadris/lazy,0,1,4,76828916,70799667,3211264,1418,726016
contiguous,hadris/lazy,16,1,4,73785833,68213291,3211264,228,709120
contiguous,hadris/stream,16,1,4,57786208,52136750,2670592,297,750592
contiguous,hadris/stream,0,1,4,59063208,53425667,2654208,2102,1190912
fragmented,hadris/stream,16,1,5,60040250,54614000,2670592,553,763392
contiguous,hadris/lazy,128,1,5,74184334,68738834,3293184,89,788480
fragmented,hadris/stream,128,1,5,56372125,51005833,2719744,348,984576
fragmented,hadris/lazy,16,1,5,72365334,67053084,3227648,514,721920
contiguous,hadris/lazy,16,1,5,80510834,74953500,3194880,228,709120
contiguous,hadris/stream,0,1,5,58103334,52499375,2654208,2102,1190912
fragmented,hadris/lazy,0,1,5,73924792,68380625,3194880,1418,726016
contiguous,hadris/lazy,0,1,5,73219833,67708792,3211264,1133,710144
fragmented,hadris/lazy,128,1,5,73649166,68397334,3276800,375,772608
contiguous,hadris/stream,128,1,5,57774041,52393250,2719744,65,1004544
contiguous,hadris/stream,16,1,5,68790041,63592292,2670592,297,750592
fragmented,hadris/stream,0,1,5,57811541,52438417,2654208,2357,1206784
fragmented,hadris/lazy,0,1,6,116927375,105175417,3244032,1418,726016
contiguous,hadris/stream,128,1,6,115579459,109210125,2719744,65,1004544
contiguous,hadris/lazy,128,1,6,74822709,69346375,3293184,89,788480
contiguous,hadris/stream,0,1,6,84632208,78014042,2654208,2102,1190912
fragmented,hadris/lazy,128,1,6,74026416,68503750,3260416,375,772608
fragmented,hadris/stream,16,1,6,77997041,72101917,2670592,553,763392
fragmented,hadris/stream,128,1,6,90512958,85177792,2719744,348,984576
contiguous,hadris/lazy,0,1,6,72715875,67733833,3211264,1133,710144
contiguous,hadris/stream,16,1,6,57519750,51914333,2670592,297,750592
fragmented,hadris/lazy,16,1,6,73977416,68461000,3227648,514,721920
contiguous,hadris/lazy,16,1,6,76520416,70406042,3227648,228,709120
fragmented,hadris/stream,0,1,6,70162667,64634750,2654208,2357,1206784
fragmented,hadris/lazy,16,1,7,102851750,97056750,3211264,514,721920
fragmented,hadris/stream,128,1,7,69030000,61782416,2719744,348,984576
contiguous,hadris/stream,0,1,7,56333542,50903875,2654208,2102,1190912
fragmented,hadris/stream,16,1,7,59759875,54678083,2670592,553,763392
fragmented,hadris/lazy,128,1,7,72286250,67078417,3276800,375,772608
contiguous,hadris/stream,16,1,7,56214000,51142250,2670592,297,750592
fragmented,hadris/stream,0,1,7,56855334,51806417,2654208,2357,1206784
contiguous,hadris/lazy,16,1,7,72335250,66965500,3211264,228,709120
contiguous,hadris/lazy,0,1,7,72705542,67265166,3211264,1133,710144
fragmented,hadris/lazy,0,1,7,71986375,66944333,3211264,1418,726016
contiguous,hadris/lazy,128,1,7,71699375,66579666,3276800,89,788480
contiguous,hadris/stream,128,1,7,56487334,51044542,2719744,65,1004544
fragmented,hadris/lazy,16,1,8,74574292,69512125,3211264,514,721920
fragmented,hadris/lazy,128,1,8,73015666,67817833,3276800,375,772608
contiguous,hadris/stream,16,1,8,56611000,51172625,2670592,297,750592
contiguous,hadris/lazy,16,1,8,72088250,66867417,3211264,228,709120
fragmented,hadris/stream,0,1,8,57479625,52165500,2654208,2357,1206784
contiguous,hadris/lazy,0,1,8,71971291,66161375,3194880,1133,710144
fragmented,hadris/stream,16,1,8,55871791,50743959,2670592,553,763392
fragmented,hadris/stream,128,1,8,56113250,50943875,2719744,348,984576
contiguous,hadris/lazy,128,1,8,71088167,65886917,3276800,89,788480
fragmented,hadris/lazy,0,1,8,74801416,69373375,3211264,1418,726016
contiguous,hadris/stream,128,1,8,55478875,50065292,2719744,65,1004544
contiguous,hadris/stream,0,1,8,56887459,51702125,2654208,2102,1190912
fragmented,hadris/lazy,128,1,9,72542167,67200667,3276800,375,772608
fragmented,hadris/lazy,0,1,9,72356792,67096042,3211264,1418,726016
contiguous,hadris/stream,0,1,9,56986708,51610584,2654208,2102,1190912
fragmented,hadris/stream,128,1,9,58237292,52530792,2719744,348,984576
contiguous,hadris/lazy,0,1,9,72847542,67630208,3211264,1133,710144
fragmented,hadris/stream,16,1,9,55178125,49859458,2670592,553,763392
contiguous,hadris/lazy,16,1,9,71442708,65955875,3211264,228,709120
contiguous,hadris/lazy,128,1,9,71821416,66746458,3276800,89,788480
contiguous,hadris/stream,16,1,9,59769459,54541333,2670592,297,750592
contiguous,hadris/stream,128,1,9,57219916,51859041,2719744,65,1004544
fragmented,hadris/stream,0,1,9,57524000,52139875,2654208,2357,1206784
fragmented,hadris/lazy,16,1,9,72825209,67662792,3244032,514,721920
fragmented,hadris/stream,128,1,10,56069459,50854417,2719744,348,984576
fragmented,hadris/lazy,128,1,10,94174542,87913584,3276800,375,772608
contiguous,hadris/stream,16,1,10,57523125,51215292,2670592,297,750592
contiguous,hadris/lazy,128,1,10,74170083,68540416,3276800,89,788480
contiguous,hadris/stream,128,1,10,56636625,51099208,2719744,65,1004544
contiguous,hadris/stream,0,1,10,57530625,52115208,2654208,2102,1190912
contiguous,hadris/lazy,16,1,10,72552333,67242916,3227648,228,709120
fragmented,hadris/stream,16,1,10,58808625,53489709,2670592,553,763392
fragmented,hadris/lazy,16,1,10,73604041,68047250,3227648,514,721920
fragmented,hadris/lazy,0,1,10,73414167,68647583,3211264,1418,726016
contiguous,hadris/lazy,0,1,10,73966834,68842625,3211264,1133,710144
fragmented,hadris/stream,0,1,10,62164834,56991792,2654208,2357,1206784
contiguous,hadris/lazy,128,1,11,73156792,67442583,3276800,89,788480
contiguous,hadris/stream,128,1,11,56747291,51272417,2719744,65,1004544
contiguous,hadris/lazy,0,1,11,73201417,67799917,3211264,1133,710144
fragmented,hadris/lazy,0,1,11,74056583,68591916,3194880,1418,726016
fragmented,hadris/stream,16,1,11,57481666,51777209,2670592,553,763392
contiguous,hadris/stream,16,1,11,60975167,54726875,2670592,297,750592
contiguous,hadris/lazy,16,1,11,73323958,67797542,3227648,228,709120
contiguous,hadris/stream,0,1,11,56551666,50933333,2654208,2102,1190912
fragmented,hadris/stream,0,1,11,57775000,52339167,2654208,2357,1206784
fragmented,hadris/stream,128,1,11,56774875,51456792,2719744,348,984576
fragmented,hadris/lazy,128,1,11,72101000,66683416,3276800,375,772608
fragmented,hadris/lazy,16,1,11,72686417,67300000,3227648,514,721920
fragmented,hadris/stream,0,1,12,57966167,52548084,2654208,2357,1206784
fragmented,hadris/stream,16,1,12,55926958,50455458,2670592,553,763392
contiguous,hadris/lazy,16,1,12,71778750,66517667,3227648,228,709120
fragmented,hadris/lazy,0,1,12,73710209,68319917,3211264,1418,726016
fragmented,hadris/stream,128,1,12,57007709,51542125,2719744,348,984576
contiguous,hadris/lazy,0,1,12,73425708,68008500,3211264,1133,710144
contiguous,hadris/stream,0,1,12,56329542,50879459,2654208,2102,1190912
contiguous,hadris/lazy,128,1,12,72331500,67166167,3276800,89,788480
contiguous,hadris/stream,128,1,12,56576333,51236250,2719744,65,1004544
fragmented,hadris/lazy,128,1,12,73049709,67675250,3276800,375,772608
contiguous,hadris/stream,16,1,12,56899583,51396584,2670592,297,750592
fragmented,hadris/lazy,16,1,12,72902333,67656167,3211264,514,721920
fragmented,hadris/lazy,128,1,13,71397333,65820417,3276800,375,772608
fragmented,hadris/lazy,16,1,13,71991042,66900667,3227648,514,721920
contiguous,hadris/lazy,0,1,13,72032333,66662292,3194880,1133,710144
fragmented,hadris/stream,16,1,13,56124500,51126375,2670592,553,763392
contiguous,hadris/stream,128,1,13,54615792,49321458,2719744,65,1004544
contiguous,hadris/lazy,16,1,13,72133917,66744791,3227648,228,709120
fragmented,hadris/lazy,0,1,13,72426292,67243667,3178496,1418,726016
fragmented,hadris/stream,0,1,13,56550208,51470083,2654208,2357,1206784
contiguous,hadris/stream,0,1,13,56053417,50671292,2654208,2102,1190912
contiguous,hadris/lazy,128,1,13,73345375,67788667,3276800,89,788480
fragmented,hadris/stream,128,1,13,56710125,51570042,2719744,348,984576
contiguous,hadris/stream,16,1,13,57195167,51899708,2670592,297,750592
fragmented,hadris/stream,16,1,14,57767541,52641125,2670592,553,763392
fragmented,hadris/stream,128,1,14,56547375,51378792,2719744,348,984576
fragmented,hadris/lazy,16,1,14,73258125,68027667,3227648,514,721920
contiguous,hadris/lazy,0,1,14,72190792,66743250,3211264,1133,710144
fragmented,hadris/lazy,0,1,14,72342167,67158041,3194880,1418,726016
contiguous,hadris/lazy,128,1,14,74251000,68988375,3276800,89,788480
contiguous,hadris/stream,128,1,14,55856041,50713125,2719744,65,1004544
contiguous,hadris/stream,16,1,14,55089959,49935583,2670592,297,750592
contiguous,hadris/stream,0,1,14,57382041,52307625,2654208,2102,1190912
fragmented,hadris/lazy,128,1,14,71614750,66645416,3276800,375,772608
fragmented,hadris/stream,0,1,14,57882459,52283000,2654208,2357,1206784
contiguous,hadris/lazy,16,1,14,79888333,74398041,3227648,228,709120
contiguous,hadris/stream,16,1,15,57217916,51951125,2670592,297,750592
fragmented,hadris/stream,128,1,15,58438917,53188834,2719744,348,984576
fragmented,hadris/lazy,16,1,15,72364209,67195333,3227648,514,721920
fragmented,hadris/lazy,0,1,15,73468041,68201250,3227648,1418,726016
contiguous,hadris/stream,128,1,15,60764458,55488750,2719744,65,1004544
fragmented,hadris/stream,0,1,15,57683542,52388208,2654208,2357,1206784
contiguous,hadris/lazy,16,1,15,73289208,67923708,3211264,228,709120
contiguous,hadris/lazy,128,1,15,74912125,69435917,3260416,89,788480
fragmented,hadris/stream,16,1,15,56677750,51428792,2670592,553,763392
fragmented,hadris/lazy,128,1,15,71768167,66299250,3276800,375,772608
contiguous,hadris/lazy,0,1,15,72046875,66961084,3194880,1133,710144
contiguous,hadris/stream,0,1,15,57158584,51993000,2654208,2102,1190912
fragmented,hadris/lazy,128,1,16,72961375,67861208,3276800,375,772608
fragmented,hadris/stream,0,1,16,56896000,51796625,2654208,2357,1206784
contiguous,hadris/lazy,128,1,16,76036792,69959625,3260416,89,788480
fragmented,hadris/stream,128,1,16,57668166,52608083,2719744,348,984576
contiguous,hadris/lazy,0,1,16,73361125,68037500,3211264,1133,710144
contiguous,hadris/stream,0,1,16,60740833,55542000,2654208,2102,1190912
contiguous,hadris/lazy,16,1,16,79240958,74122708,3227648,228,709120
fragmented,hadris/lazy,0,1,16,79057208,73649542,3211264,1418,726016
contiguous,hadris/stream,16,1,16,60974833,54593833,2670592,297,750592
fragmented,hadris/stream,16,1,16,58626125,53283750,2670592,553,763392
fragmented,hadris/lazy,16,1,16,75138125,69925125,3227648,514,721920
contiguous,hadris/stream,128,1,16,57565750,52400333,2719744,65,1004544
fragmented,hadris/stream,16,1,17,61124750,55546500,2670592,553,763392
contiguous,hadris/stream,0,1,17,58424875,52954583,2654208,2102,1190912
contiguous,hadris/lazy,0,1,17,74159542,69047125,3211264,1133,710144
contiguous,hadris/lazy,128,1,17,71802750,66543292,3276800,89,788480
fragmented,hadris/lazy,16,1,17,72562209,67414625,3211264,514,721920
fragmented,hadris/stream,128,1,17,55774333,50443959,2719744,348,984576
contiguous,hadris/lazy,16,1,17,73221875,67881834,3227648,228,709120
fragmented,hadris/stream,0,1,17,57483416,52176083,2654208,2357,1206784
contiguous,hadris/stream,128,1,17,57171959,51836041,2719744,65,1004544
contiguous,hadris/stream,16,1,17,57405625,52133583,2670592,297,750592
fragmented,hadris/lazy,0,1,17,74931167,69392750,3211264,1418,726016
fragmented,hadris/lazy,128,1,17,73216750,68010875,3276800,375,772608
contiguous,hadris/lazy,0,1,18,74124583,68549084,3211264,1133,710144
fragmented,hadris/stream,128,1,18,59365625,53585292,2719744,348,984576
contiguous,hadris/stream,16,1,18,62197750,56208083,2670592,297,750592
fragmented,hadris/lazy,0,1,18,80008750,74619208,3194880,1418,726016
fragmented,hadris/lazy,128,1,18,72592000,66980708,3260416,375,772608
fragmented,hadris/stream,0,1,18,59695375,54105250,2637824,2357,1206784
fragmented,hadris/stream,16,1,18,60580625,55538875,2670592,553,763392
contiguous,hadris/stream,0,1,18,61296208,55919792,2654208,2102,1190912
contiguous,hadris/stream,128,1,18,56501875,51165709,2719744,65,1004544
fragmented,hadris/lazy,16,1,18,74788416,68957834,3227648,514,721920
contiguous,hadris/lazy,16,1,18,72608875,67261083,3211264,228,709120
contiguous,hadris/lazy,128,1,18,74136541,68866834,3276800,89,788480
fragmented,hadris/stream,0,1,19,57854042,52587167,2654208,2357,1206784
fragmented,hadris/stream,128,1,19,56149542,50857208,2719744,348,984576
fragmented,hadris/lazy,0,1,19,74001958,68291375,3194880,1418,726016
contiguous,hadris/stream,128,1,19,56642333,51199041,2719744,65,1004544
contiguous,hadris/stream,16,1,19,58520208,52554541,2670592,297,750592
contiguous,hadris/lazy,128,1,19,73975833,68804709,3276800,89,788480
fragmented,hadris/lazy,16,1,19,74949458,69550458,3227648,514,721920
contiguous,hadris/stream,0,1,19,58963166,53813459,2654208,2102,1190912
contiguous,hadris/lazy,16,1,19,74198334,69045333,3227648,228,709120
fragmented,hadris/lazy,128,1,19,74270916,68868291,3276800,375,772608
contiguous,hadris/lazy,0,1,19,74895792,69342875,3227648,1133,710144
fragmented,hadris/stream,16,1,19,58618625,52995250,2670592,553,763392
contiguous,hadris/stream,128,1,20,58500125,53002250,2719744,65,1004544
contiguous,hadris/stream,0,1,20,59796208,54095125,2654208,2102,1190912
contiguous,hadris/lazy,0,1,20,76225292,70614041,3211264,1133,710144
fragmented,hadris/lazy,16,1,20,73551833,68612084,3227648,514,721920
fragmented,hadris/lazy,128,1,20,74150542,68436000,3276800,375,772608
fragmented,hadris/stream,0,1,20,59714833,53752167,2654208,2357,1206784
fragmented,hadris/lazy,0,1,20,76148792,70811750,3211264,1418,726016
contiguous,hadris/lazy,16,1,20,72955167,67535958,3227648,228,709120
contiguous,hadris/stream,16,1,20,57763042,52387125,2670592,297,750592
contiguous,hadris/lazy,128,1,20,73423250,67874625,3260416,89,788480
fragmented,hadris/stream,16,1,20,58969750,53083625,2670592,553,763392
fragmented,hadris/stream,128,1,20,56150791,50783292,2719744,348,984576
fragmented,hadris/lazy,128,1,21,72342209,67205458,3276800,375,772608
contiguous,hadris/lazy,0,1,21,73115334,67622209,3194880,1133,710144
fragmented,hadris/stream,128,1,21,56762125,51576000,2719744,348,984576
contiguous,hadris/stream,128,1,21,55379416,50111417,2719744,65,1004544
contiguous,hadris/stream,0,1,21,57379458,51712125,2654208,2102,1190912
contiguous,hadris/lazy,16,1,21,74667250,69157458,3227648,228,709120
fragmented,hadris/stream,0,1,21,59643333,54000667,2654208,2357,1206784
fragmented,hadris/lazy,16,1,21,74152208,68443459,3227648,514,721920
contiguous,hadris/stream,16,1,21,56974542,51387333,2670592,297,750592
fragmented,hadris/stream,16,1,21,56814375,51302292,2670592,553,763392
fragmented,hadris/lazy,0,1,21,75564708,69935667,3211264,1418,726016
contiguous,hadris/lazy,128,1,21,73108125,67442958,3260416,89,788480
fragmented,hadris/stream,128,2,1,55710209,50453417,2719744,348,984576
contiguous,hadris/stream,128,2,1,56111750,50864167,2719744,65,1004544
contiguous,hadris/stream,16,2,1,56410541,50766625,2670592,297,750592
contiguous,hadris/lazy,128,2,1,73239292,67018625,3276800,89,788480
fragmented,hadris/stream,16,2,1,56611291,51248167,2670592,553,763392
fragmented,hadris/stream,0,2,1,58067125,53059166,2654208,2357,1206784
fragmented,hadris/lazy,16,2,1,73466333,67802625,3227648,514,721920
fragmented,hadris/lazy,0,2,1,73933041,68625792,3211264,1418,726016
fragmented,hadris/lazy,128,2,1,73297792,67995750,3276800,375,772608
contiguous,hadris/lazy,16,2,1,71941958,66649500,3227648,228,709120
contiguous,hadris/stream,0,2,1,56401166,51053500,2654208,2102,1190912
contiguous,hadris/lazy,0,2,1,74155584,68851375,3194880,1133,710144
contiguous,hadris/stream,16,2,2,55634666,50224042,2670592,297,750592
contiguous,hadris/lazy,0,2,2,78191833,72711000,3211264,1133,710144
contiguous,hadris/stream,128,2,2,55351500,50069000,2719744,65,1004544
fragmented,hadris/stream,16,2,2,57122208,51752542,2670592,553,763392
fragmented,hadris/stream,128,2,2,57788166,52390459,2719744,348,984576
fragmented,hadris/lazy,16,2,2,72260542,67110291,3211264,514,721920
contiguous,hadris/lazy,16,2,2,73348291,67618291,3227648,228,709120
contiguous,hadris/lazy,128,2,2,71580416,66320291,3276800,89,788480
contiguous,hadris/stream,0,2,2,57585334,52072583,2637824,2102,1190912
fragmented,hadris/lazy,0,2,2,75932583,70616833,3194880,1418,726016
fragmented,hadris/stream,0,2,2,59539166,54236584,2654208,2357,1206784
fragmented,hadris/lazy,128,2,2,81085792,75326667,3260416,375,772608
contiguous,hadris/lazy,128,2,3,74463333,69260584,3276800,89,788480
contiguous,hadris/lazy,16,2,3,75935916,70519750,3227648,228,709120
contiguous,hadris/lazy,0,2,3,71919625,66612917,3194880,1133,710144
fragmented,hadris/stream,0,2,3,56642917,51469375,2654208,2357,1206784
fragmented,hadris/lazy,0,2,3,73655500,68182959,3194880,1418,726016
contiguous,hadris/stream,16,2,3,56149833,50959542,2670592,297,750592
fragmented,hadris/stream,16,2,3,56938709,51564666,2670592,553,763392
fragmented,hadris/stream,128,2,3,57127042,51524875,2719744,348,984576
contiguous,hadris/stream,0,2,3,56786708,51393625,2654208,2102,1190912
contiguous,hadris/stream,128,2,3,55298916,49971333,2719744,65,1004544
fragmented,hadris/lazy,128,2,3,72084667,66876125,3276800,375,772608
fragmented,hadris/lazy,16,2,3,72449042,67185916,3227648,514,721920
contiguous,hadris/stream,128,2,4,56446500,50709584,2719744,65,1004544
fragmented,hadris/lazy,16,2,4,71979584,66559083,3227648,514,721920
contiguous,hadris/stream,16,2,4,56211709,50949083,2670592,297,750592
contiguous,hadris/lazy,0,2,4,73475458,68051500,3194880,1133,710144
contiguous,hadris/lazy,128,2,4,75622666,70022250,3276800,89,788480
fragmented,hadris/stream,16,2,4,55862167,50194166,2670592,553,763392
fragmented,hadris/stream,128,2,4,55979041,50594834,2719744,348,984576
contiguous,hadris/stream,0,2,4,57401541,51914041,2654208,2102,1190912
fragmented,hadris/lazy,128,2,4,72904000,67580208,3276800,375,772608
fragmented,hadris/stream,0,2,4,57208708,51833292,2654208,2357,1206784
contiguous,hadris/lazy,16,2,4,72000708,66613209,3211264,228,709120
fragmented,hadris/lazy,0,2,4,72618667,67334125,3211264,1418,726016
fragmented,hadris/stream,0,2,5,57021042,51810709,2654208,2357,1206784
contiguous,hadris/stream,128,2,5,55692750,50015458,2719744,65,1004544
contiguous,hadris/lazy,0,2,5,72785667,67719000,3211264,1133,710144
contiguous,hadris/stream,0,2,5,57114792,51508042,2654208,2102,1190912
contiguous,hadris/lazy,16,2,5,71582500,66341833,3227648,228,709120
fragmented,hadris/stream,128,2,5,56033167,50612792,2719744,348,984576
contiguous,hadris/lazy,128,2,5,71723625,66504334,3276800,89,788480
contiguous,hadris/stream,16,2,5,56392292,50679083,2670592,297,750592
fragmented,hadris/stream,16,2,5,58159625,52075500,2670592,553,763392
fragmented,hadris/lazy,128,2,5,72505084,67028125,3276800,375,772608
fragmented,hadris/lazy,0,2,5,73697125,68324500,3211264,1418,726016
fragmented,hadris/lazy,16,2,5,73697667,68026583,3227648,514,721920
fragmented,hadris/stream,128,2,6,56283000,50991166,2719744,348,984576
fragmented,hadris/lazy,0,2,6,74048750,68431834,3227648,1418,726016
fragmented,hadris/stream,0,2,6,58029125,52548625,2654208,2357,1206784
fragmented,hadris/lazy,128,2,6,74889792,69418500,3244032,375,772608
contiguous,hadris/lazy,128,2,6,77732625,72376875,3276800,89,788480
contiguous,hadris/stream,16,2,6,57079416,51682917,2670592,297,750592
contiguous,hadris/lazy,16,2,6,73141792,67815916,3227648,228,709120
fragmented,hadris/stream,16,2,6,59991166,54212708,2670592,553,763392
fragmented,hadris/lazy,16,2,6,73701208,68050375,3227648,514,721920
contiguous,hadris/stream,0,2,6,57453416,52140625,2654208,2102,1190912
contiguous,hadris/lazy,0,2,6,73000208,67913083,3211264,1133,710144
contiguous,hadris/stream,128,2,6,60398083,55094916,2719744,65,1004544
contiguous,hadris/stream,0,2,7,58039750,52905917,2654208,2102,1190912
contiguous,hadris/stream,128,2,7,55981125,50744916,2719744,65,1004544
fragmented,hadris/lazy,16,2,7,73250625,67867000,3211264,514,721920
fragmented,hadris/lazy,0,2,7,73639958,68220250,3211264,1418,726016
fragmented,hadris/stream,128,2,7,57272042,51945542,2719744,348,984576
fragmented,hadris/lazy,128,2,7,72442958,67018041,3260416,375,772608
contiguous,hadris/lazy,16,2,7,72545375,66897333,3227648,228,709120
fragmented,hadris/stream,16,2,7,56226417,51038625,2670592,553,763392
contiguous,hadris/stream,16,2,7,56580083,51250625,2670592,297,750592
contiguous,hadris/lazy,128,2,7,71508125,66160709,3244032,89,788480
fragmented,hadris/stream,0,2,7,57892667,52614542,2654208,2357,1206784
contiguous,hadris/lazy,0,2,7,72835875,67456583,3211264,1133,710144
contiguous,hadris/stream,0,2,8,56409000,51442083,2654208,2102,1190912
contiguous,hadris/stream,16,2,8,55391584,50027083,2670592,297,750592
contiguous,hadris/lazy,128,2,8,79473209,74021833,3260416,89,788480
fragmented,hadris/lazy,0,2,8,72405625,67371209,3211264,1418,726016
fragmented,hadris/stream,16,2,8,55574166,50506708,2670592,553,763392
fragmented,hadris/stream,0,2,8,56633875,51404709,2654208,2357,1206784
contiguous,hadris/lazy,0,2,8,73646667,68493625,3194880,1133,710144
fragmented,hadris/stream,128,2,8,57110333,51402459,2719744,348,984576
contiguous,hadris/lazy,16,2,8,72694666,67367583,3227648,228,709120
contiguous,hadris/stream,128,2,8,56219250,51226542,2719744,65,1004544
fragmented,hadris/lazy,16,2,8,72861125,67388958,3227648,514,721920
fragmented,hadris/lazy,128,2,8,72307791,67059583,3260416,375,772608
fragmented,hadris/stream,128,2,9,56014791,50258292,2719744,348,984576
contiguous,hadris/stream,0,2,9,56380250,50898042,2654208,2102,1190912
fragmented,hadris/stream,16,2,9,55688000,50256125,2670592,553,763392
contiguous,hadris/stream,128,2,9,56386042,51267375,2719744,65,1004544
contiguous,hadris/stream,16,2,9,55061083,49632458,2670592,297,750592
fragmented,hadris/lazy,128,2,9,71572625,66470083,3260416,375,772608
fragmented,hadris/lazy,0,2,9,71716959,66272291,3211264,1418,726016
fragmented,hadris/stream,0,2,9,56804166,51496125,2654208,2357,1206784
contiguous,hadris/lazy,16,2,9,72234833,67101709,3244032,228,709120
fragmented,hadris/lazy,16,2,9,74906375,69109208,3227648,514,721920
contiguous,hadris/lazy,0,2,9,72989416,67559209,3194880,1133,710144
contiguous,hadris/lazy,128,2,9,73884291,68139375,3260416,89,788480
contiguous,hadris/lazy,128,2,10,72509583,67013292,3276800,89,788480
contiguous,hadris/stream,16,2,10,56285791,50962625,2670592,297,750592
contiguous,hadris/lazy,0,2,10,73214750,67586958,3211264,1133,710144
fragmented,hadris/lazy,16,2,10,73331042,67662250,3227648,514,721920
contiguous,hadris/stream,128,2,10,56766875,51428167,2719744,65,1004544
fragmented,hadris/lazy,0,2,10,74223375,68883542,3211264,1418,726016
fragmented,hadris/stream,128,2,10,55884917,50455375,2719744,348,984576
contiguous,hadris/lazy,16,2,10,72545209,67205042,3244032,228,709120
fragmented,hadris/lazy,128,2,10,71941709,66719875,3293184,375,772608
contiguous,hadris/stream,0,2,10,57869875,52545708,2654208,2102,1190912
fragmented,hadris/stream,0,2,10,57289625,51967084,2654208,2357,1206784
fragmented,hadris/stream,16,2,10,72770667,67720208,2670592,553,763392
fragmented,hadris/stream,0,2,11,56659750,51185208,2654208,2357,1206784
contiguous,hadris/lazy,16,2,11,73742958,68586000,3244032,228,709120
fragmented,hadris/lazy,16,2,11,73221916,67486083,3244032,514,721920
fragmented,hadris/stream,16,2,11,56376292,51298875,2670592,553,763392
fragmented,hadris/lazy,128,2,11,72666625,67221250,3260416,375,772608
contiguous,hadris/stream,0,2,11,57906333,52809875,2637824,2102,1190912
fragmented,hadris/stream,128,2,11,56659791,51315417,2719744,348,984576
contiguous,hadris/lazy,128,2,11,72883917,67726875,3276800,89,788480
fragmented,hadris/lazy,0,2,11,73166166,67582666,3211264,1418,726016
contiguous,hadris/lazy,0,2,11,72652708,67152958,3227648,1133,710144
contiguous,hadris/stream,16,2,11,56277375,50734750,2670592,297,750592
contiguous,hadris/stream,128,2,11,55897875,50639959,2719744,65,1004544
fragmented,hadris/stream,128,2,12,55667750,50198958,2719744,348,984576
contiguous,hadris/lazy,16,2,12,74476208,69131875,3227648,228,709120
fragmented,hadris/lazy,16,2,12,76731667,71322292,3211264,514,721920
fragmented,hadris/lazy,128,2,12,74866917,69435625,3260416,375,772608
fragmented,hadris/stream,0,2,12,58729167,53770333,2654208,2357,1206784
contiguous,hadris/lazy,0,2,12,74074500,68282750,3211264,1133,710144
contiguous,hadris/stream,16,2,12,56379834,51154042,2670592,297,750592
contiguous,hadris/stream,0,2,12,57027583,51918208,2654208,2102,1190912
fragmented,hadris/lazy,0,2,12,73509167,68260000,3211264,1418,726016
fragmented,hadris/stream,16,2,12,56919625,51310542,2670592,553,763392
contiguous,hadris/lazy,128,2,12,73034500,67692833,3276800,89,788480
contiguous,hadris/stream,128,2,12,56455792,51434167,2719744,65,1004544
fragmented,hadris/stream,0,2,13,57828000,52431625,2654208,2357,1206784
contiguous,hadris/stream,128,2,13,59402291,53524458,2719744,65,1004544
fragmented,hadris/stream,16,2,13,60604083,55441000,2670592,553,763392
contiguous,hadris/lazy,16,2,13,74092458,68351792,3244032,228,709120
contiguous,hadris/stream,0,2,13,58243333,52623792,2654208,2102,1190912
fragmented,hadris/lazy,128,2,13,72451084,66999167,3276800,375,772608
fragmented,hadris/stream,128,2,13,60184042,54768625,2719744,348,984576
fragmented,hadris/lazy,0,2,13,74377166,68977334,3227648,1418,726016
contiguous,hadris/lazy,0,2,13,73479042,67932459,3211264,1133,710144
contiguous,hadris/lazy,128,2,13,74583959,69193208,3260416,89,788480
contiguous,hadris/stream,16,2,13,58807666,53202583,2670592,297,750592
fragmented,hadris/lazy,16,2,13,78274084,72182875,3227648,514,721920
fragmented,hadris/lazy,16,2,14,73271375,67926333,3211264,514,721920
contiguous,hadris/lazy,128,2,14,72923250,67272166,3276800,89,788480
contiguous,hadris/stream,128,2,14,56797708,51540667,2719744,65,1004544
contiguous,hadris/lazy,16,2,14,73105625,67257042,3227648,228,709120
fragmented,hadris/stream,128,2,14,56012459,50649875,2719744,348,984576
fragmented,hadris/lazy,0,2,14,72999458,67806875,3211264,1418,726016
fragmented,hadris/stream,0,2,14,58050291,52889125,2654208,2357,1206784
fragmented,hadris/stream,16,2,14,56406208,51124541,2670592,553,763392
contiguous,hadris/stream,16,2,14,56384958,51190417,2670592,297,750592
contiguous,hadris/stream,0,2,14,58162208,52600167,2654208,2102,1190912
contiguous,hadris/lazy,0,2,14,74235083,68839708,3211264,1133,710144
fragmented,hadris/lazy,128,2,14,72911875,67715708,3260416,375,772608
contiguous,hadris/stream,128,2,15,57300292,52178250,2719744,65,1004544
contiguous,hadris/lazy,0,2,15,74303042,68043667,3227648,1133,710144
fragmented,hadris/stream,128,2,15,56713833,51457166,2719744,348,984576
fragmented,hadris/stream,0,2,15,60324791,55132834,2654208,2357,1206784
fragmented,hadris/stream,16,2,15,56303500,50845042,2670592,553,763392
contiguous,hadris/stream,0,2,15,57126917,51867375,2654208,2102,1190912
contiguous,hadris/lazy,128,2,15,72667125,67413125,3260416,89,788480
fragmented,hadris/lazy,0,2,15,74736834,69090459,3194880,1418,726016
fragmented,hadris/lazy,128,2,15,71936375,66915666,3276800,375,772608
fragmented,hadris/lazy,16,2,15,73317625,67791958,3227648,514,721920
contiguous,hadris/stream,16,2,15,55096917,49972125,2670592,297,750592
contiguous,hadris/lazy,16,2,15,72715834,67267292,3244032,228,709120
contiguous,hadris/stream,0,2,16,57447208,52131667,2654208,2102,1190912
contiguous,hadris/stream,16,2,16,57504625,52078541,2670592,297,750592
contiguous,hadris/lazy,16,2,16,72720500,67386625,3227648,228,709120
fragmented,hadris/lazy,16,2,16,73441167,68032542,3211264,514,721920
contiguous,hadris/lazy,0,2,16,73243083,68083667,3211264,1133,710144
fragmented,hadris/stream,16,2,16,56630042,51301208,2670592,553,763392
fragmented,hadris/stream,0,2,16,60987959,55489209,2654208,2357,1206784
contiguous,hadris/lazy,128,2,16,73735333,68442292,3276800,89,788480
fragmented,hadris/stream,128,2,16,56406833,51018667,2719744,348,984576
fragmented,hadris/lazy,128,2,16,71978917,67001375,3276800,375,772608
fragmented,hadris/lazy,0,2,16,73946416,68666667,3211264,1418,726016
contiguous,hadris/stream,128,2,16,56723375,51359667,2719744,65,1004544
fragmented,hadris/lazy,128,2,17,71932042,66882750,3276800,375,772608
contiguous,hadris/stream,16,2,17,55909875,50514208,2670592,297,750592
fragmented,hadris/stream,128,2,17,56538375,51416625,2719744,348,984576
contiguous,hadris/stream,128,2,17,56542875,51336084,2719744,65,1004544
contiguous,hadris/lazy,0,2,17,72720750,67350792,3211264,1133,710144
fragmented,hadris/stream,0,2,17,58139917,52518792,2654208,2357,1206784
contiguous,hadris/lazy,128,2,17,73194542,68033583,3276800,89,788480
contiguous,hadris/lazy,16,2,17,73115500,67757250,3227648,228,709120
contiguous,hadris/stream,0,2,17,58558917,53245250,2654208,2102,1190912
fragmented,hadris/lazy,0,2,17,78187541,72950333,3211264,1418,726016
fragmented,hadris/stream,16,2,17,57367708,51616166,2670592,553,763392
fragmented,hadris/lazy,16,2,17,72779375,67382542,3227648,514,721920
fragmented,hadris/lazy,16,2,18,72458666,67147875,3227648,514,721920
contiguous,hadris/lazy,0,2,18,74029333,68729000,3211264,1133,710144
contiguous,hadris/stream,128,2,18,57113666,51736792,2719744,65,1004544
fragmented,hadris/lazy,128,2,18,74706250,69035458,3276800,375,772608
contiguous,hadris/lazy,128,2,18,71360917,66104750,3276800,89,788480
contiguous,hadris/stream,16,2,18,56260125,50976250,2670592,297,750592
fragmented,hadris/stream,0,2,18,56942541,51571417,2654208,2357,1206784
contiguous,hadris/stream,0,2,18,59075416,53621167,2654208,2102,1190912
contiguous,hadris/lazy,16,2,18,71735416,66556500,3244032,228,709120
fragmented,hadris/stream,128,2,18,55989541,50883333,2719744,348,984576
fragmented,hadris/stream,16,2,18,56320291,50682167,2670592,553,763392
fragmented,hadris/lazy,0,2,18,73017292,67753958,3211264,1418,726016
fragmented,hadris/stream,128,2,19,56412375,51257916,2719744,348,984576
contiguous,hadris/lazy,128,2,19,72202875,66962750,3276800,89,788480
fragmented,hadris/lazy,0,2,19,73397209,67983708,3211264,1418,726016
fragmented,hadris/lazy,128,2,19,73056833,67969583,3276800,375,772608
fragmented,hadris/stream,16,2,19,55830083,50642875,2670592,553,763392
contiguous,hadris/stream,16,2,19,56108042,50916709,2670592,297,750592
fragmented,hadris/lazy,16,2,19,73058542,67434500,3227648,514,721920
fragmented,hadris/stream,0,2,19,57431542,52433250,2654208,2357,1206784
contiguous,hadris/lazy,16,2,19,72256125,66690584,3211264,228,709120
contiguous,hadris/stream,0,2,19,59521792,53862541,2654208,2102,1190912
contiguous,hadris/stream,128,2,19,55565292,50386208,2719744,65,1004544
contiguous,hadris/lazy,0,2,19,75423375,70118583,3227648,1133,710144
fragmented,hadris/stream,16,2,20,56235667,51104500,2670592,553,763392
contiguous,hadris/stream,0,2,20,58050000,52887500,2654208,2102,1190912
contiguous,hadris/stream,128,2,20,56776458,50908250,2719744,65,1004544
fragmented,hadris/lazy,128,2,20,73241958,68030750,3276800,375,772608
contiguous,hadris/stream,16,2,20,61646041,56073000,2670592,297,750592
fragmented,hadris/stream,128,2,20,57175000,51764583,2719744,348,984576
fragmented,hadris/stream,0,2,20,57892458,52287875,2654208,2357,1206784
contiguous,hadris/lazy,128,2,20,72308042,66997833,3276800,89,788480
fragmented,hadris/lazy,0,2,20,72263375,66913833,3211264,1418,726016
fragmented,hadris/lazy,16,2,20,72754458,67336125,3244032,514,721920
contiguous,hadris/lazy,0,2,20,72495084,67030500,3211264,1133,710144
contiguous,hadris/lazy,16,2,20,72919125,67453416,3227648,228,709120
contiguous,hadris/lazy,0,2,21,72975375,67463750,3211264,1133,710144
contiguous,hadris/lazy,16,2,21,72468583,67337417,3227648,228,709120
fragmented,hadris/stream,0,2,21,57304375,51726833,2654208,2357,1206784
contiguous,hadris/stream,128,2,21,55746000,50590542,2719744,65,1004544
fragmented,hadris/lazy,0,2,21,72965959,67752000,3211264,1418,726016
fragmented,hadris/stream,16,2,21,55721292,50419542,2670592,553,763392
fragmented,hadris/lazy,16,2,21,72012500,66887708,3227648,514,721920
contiguous,hadris/stream,16,2,21,61420709,56130625,2670592,297,750592
contiguous,hadris/stream,0,2,21,56614125,51307208,2654208,2102,1190912
contiguous,hadris/lazy,128,2,21,74372291,69113208,3276800,89,788480
fragmented,hadris/stream,128,2,21,56913667,51237292,2719744,348,984576
fragmented,hadris/lazy,128,2,21,77063791,71662917,3276800,375,772608
