case,samples,volume_bytes,block_bytes,cluster_bytes,min_ns,median_ns,max_ns,payload_bytes,read_calls,write_calls,read_bytes,write_bytes,flush_calls,max_read_bytes,max_write_bytes,write_amplification,fat0_write_bytes,fat1_write_bytes,directory_write_bytes,data_write_bytes,fsinfo_write_bytes,other_write_bytes,chain_positions,metadata_blocks
fat12/hosted/mount,7,2097152,512,512,458,500,708,0,1,0,512,0,0,512,0,n/a,0,0,0,0,0,0,32,8
fat12/hosted/append-64-end-sync,7,2097152,512,512,21708,22292,23583,16384,163,385,83456,197120,1,512,512,12.031,32256,32256,1536,131072,0,0,32,8
fat12/hosted/append-64-flush-each,7,2097152,512,512,50125,50750,60750,16384,640,639,327680,327168,257,512,512,19.969,32256,32256,131584,131072,0,0,32,8
fat12/hosted/append-512-end-sync,7,2097152,512,512,11125,11208,11583,16384,130,161,66560,82432,1,512,512,5.031,32256,32256,1536,16384,0,0,32,8
fat12/hosted/append-4k-end-sync,7,2097152,512,512,9750,9833,11083,16384,130,133,66560,82432,1,512,4096,5.031,32256,32256,1536,16384,0,0,32,8
fat12/hosted/write-4k,7,2097152,512,512,624458,638250,649208,1048576,8216,8465,4206592,5251584,1,512,4096,5.008,2100736,2100736,1536,1048576,0,0,32,8
fat12/hosted/write-64k,7,2097152,512,512,603959,606916,632375,1048576,8216,8225,4206592,5251584,1,512,65536,5.008,2100736,2100736,1536,1048576,0,0,32,8
fat12/hosted/read-4k,7,2097152,512,512,39667,39875,40458,1048576,264,0,1052672,0,0,4096,0,n/a,0,0,0,0,0,0,32,8
fat12/hosted/read-64k,7,2097152,512,512,32625,32750,32917,1048576,24,0,1052672,0,0,65536,0,n/a,0,0,0,0,0,0,32,8
fat12/hosted/read-unaligned,7,2097152,512,512,46625,47042,50583,1048576,777,0,1183744,0,0,3584,0,n/a,0,0,0,0,0,0,32,8
fat12/hosted/read-reverse-4k,7,2097152,512,512,123542,130083,133459,1048576,264,0,1052672,0,0,4096,0,n/a,0,0,0,0,0,0,32,8
fat12/hosted/read-shuffled-4k,7,2097152,512,512,143500,147292,153375,1048576,264,0,1052672,0,0,4096,0,n/a,0,0,0,0,0,0,32,8
fat12/hosted/read-fragmented-64k,7,2097152,512,512,69167,72250,74250,1048576,2056,0,1052672,0,0,512,0,n/a,0,0,0,0,0,0,32,8
fat12/hosted/boot-load-64k,7,2097152,512,512,33208,33250,33667,1048576,27,0,1054208,0,0,65536,0,n/a,0,0,0,0,0,0,32,8
fat12/hosted/lookup-long-128,7,2097152,512,512,708875,712292,729750,0,1968,0,1007616,0,0,512,0,n/a,0,0,0,0,0,0,32,8
fat12/hosted/list-long-128,7,2097152,512,512,25917,26083,29750,0,32,0,16384,0,0,512,0,n/a,0,0,0,0,0,0,32,8
fat12/hosted/create-remove-short,7,2097152,512,512,133959,135792,141834,4096,500,512,256000,262144,1,512,512,64.000,65536,65536,98304,32768,0,0,32,8
fat12/hosted/create-remove-long,7,2097152,512,512,325792,326834,335000,4096,1189,896,608768,458752,1,512,512,112.000,65536,65536,294912,32768,0,0,32,8
fat12/hosted/lookup-128,7,2097152,512,512,226375,226791,232000,0,8,0,4096,0,0,512,0,n/a,0,0,0,0,0,0,32,8
fat12/hosted/list-128,7,2097152,512,512,18791,18875,19125,0,9,0,4608,0,0,512,0,n/a,0,0,0,0,0,0,32,8
fat16/hosted/mount,7,16777216,512,1024,625,750,1042,0,2,0,1024,0,0,512,0,n/a,0,0,0,0,0,0,32,8
fat16/hosted/append-64-end-sync,7,16777216,512,1024,15166,15500,16042,16384,69,291,35328,148992,1,512,512,9.094,8192,8192,1536,131072,0,0,32,8
fat16/hosted/append-64-flush-each,7,16777216,512,1024,43125,43417,46083,16384,546,545,279552,279040,257,512,512,17.031,8192,8192,131584,131072,0,0,32,8
fat16/hosted/append-512-end-sync,7,16777216,512,1024,5084,5375,20625,16384,36,67,18432,34304,1,512,512,2.094,8192,8192,1536,16384,0,0,32,8
fat16/hosted/append-4k-end-sync,7,16777216,512,1024,2750,2834,3375,16384,12,15,6144,22016,1,512,4096,1.344,2048,2048,1536,16384,0,0,32,8
fat16/hosted/write-4k,7,16777216,512,1024,103792,106208,112000,1048576,528,779,270336,1316352,1,512,4096,1.255,133120,133120,1536,1048576,0,0,32,8
fat16/hosted/write-64k,7,16777216,512,1024,50958,51875,57625,1048576,48,59,24576,1070592,1,512,65536,1.021,10240,10240,1536,1048576,0,0,32,8
fat16/hosted/read-4k,7,16777216,512,1024,28625,29917,30459,1048576,262,0,1051648,0,0,4096,0,n/a,0,0,0,0,0,0,32,8
fat16/hosted/read-64k,7,16777216,512,1024,22708,24417,30875,1048576,22,0,1051648,0,0,65536,0,n/a,0,0,0,0,0,0,32,8
fat16/hosted/read-unaligned,7,16777216,512,1024,36833,37208,38125,1048576,774,0,1182208,0,0,3584,0,n/a,0,0,0,0,0,0,32,8
fat16/hosted/read-reverse-4k,7,16777216,512,1024,70542,76542,79125,1048576,262,0,1051648,0,0,4096,0,n/a,0,0,0,0,0,0,32,8
fat16/hosted/read-shuffled-4k,7,16777216,512,1024,87792,90916,93042,1048576,262,0,1051648,0,0,4096,0,n/a,0,0,0,0,0,0,32,8
fat16/hosted/read-fragmented-64k,7,16777216,512,1024,67333,69666,124791,1048576,1030,0,1051648,0,0,1024,0,n/a,0,0,0,0,0,0,32,8
fat16/hosted/boot-load-64k,7,16777216,512,1024,24667,26583,27875,1048576,26,0,1053696,0,0,65536,0,n/a,0,0,0,0,0,0,32,8
fat16/hosted/lookup-long-128,7,16777216,512,1024,686666,696583,722208,0,1968,0,1007616,0,0,512,0,n/a,0,0,0,0,0,0,32,8
fat16/hosted/list-long-128,7,16777216,512,1024,26208,26916,27083,0,32,0,16384,0,0,512,0,n/a,0,0,0,0,0,0,32,8
fat16/hosted/create-remove-short,7,16777216,512,1024,129167,132166,135083,4096,500,512,256000,262144,1,512,512,64.000,65536,65536,98304,32768,0,0,32,8
fat16/hosted/create-remove-long,7,16777216,512,1024,321791,325583,332958,4096,1189,896,608768,458752,1,512,512,112.000,65536,65536,294912,32768,0,0,32,8
fat16/hosted/lookup-128,7,16777216,512,1024,231584,234709,239167,0,8,0,4096,0,0,512,0,n/a,0,0,0,0,0,0,32,8
fat16/hosted/list-128,7,16777216,512,1024,18875,18916,19500,0,9,0,4608,0,0,512,0,n/a,0,0,0,0,0,0,32,8
fat32/hosted/mount,7,67108864,512,512,1375,1750,2000,0,3,0,1536,0,0,512,0,n/a,0,0,0,0,0,0,32,8
fat32/hosted/append-64-end-sync,7,67108864,512,512,19583,19834,60250,16384,102,324,52224,165888,1,512,512,10.125,16384,16384,1536,131072,512,0,32,8
fat32/hosted/append-64-flush-each,7,67108864,512,512,48375,54333,213125,16384,579,578,296448,295936,257,512,512,18.062,16384,16384,131584,131072,512,0,32,8
fat32/hosted/append-512-end-sync,7,67108864,512,512,8125,8542,16958,16384,69,100,35328,51200,1,512,512,3.125,16384,16384,1536,16384,512,0,32,8
fat32/hosted/append-4k-end-sync,7,67108864,512,512,3333,3709,4625,16384,13,16,6656,22528,1,512,4096,1.375,2048,2048,1536,16384,512,0,32,8
fat32/hosted/write-4k,7,67108864,512,512,163000,164917,176167,1048576,565,804,289280,1329152,1,512,4096,1.268,139264,139264,1536,1048576,512,0,32,8
fat32/hosted/write-64k,7,67108864,512,512,101542,109292,241125,1048576,85,84,43520,1083392,1,512,65536,1.033,16384,16384,1536,1048576,512,0,32,8
fat32/hosted/read-4k,7,67108864,512,512,42375,43375,86459,1048576,274,0,1057792,0,0,4096,0,n/a,0,0,0,0,0,0,32,8
fat32/hosted/read-64k,7,67108864,512,512,33875,35958,39792,1048576,34,0,1057792,0,0,65536,0,n/a,0,0,0,0,0,0,32,8
fat32/hosted/read-unaligned,7,67108864,512,512,52667,54000,88916,1048576,787,0,1188864,0,0,3584,0,n/a,0,0,0,0,0,0,32,8
fat32/hosted/read-reverse-4k,7,67108864,512,512,140042,140333,146666,1048576,283,0,1062400,0,0,4096,0,n/a,0,0,0,0,0,0,32,8
fat32/hosted/read-shuffled-4k,7,67108864,512,512,143333,145375,168459,1048576,296,0,1069056,0,0,4096,0,n/a,0,0,0,0,0,0,32,8
fat32/hosted/read-fragmented-64k,7,67108864,512,512,74042,74792,84125,1048576,2083,0,1066496,0,0,512,0,n/a,0,0,0,0,0,0,32,8
fat32/hosted/boot-load-64k,7,67108864,512,512,35000,36542,51167,1048576,39,0,1060352,0,0,65536,0,n/a,0,0,0,0,0,0,32,8
fat32/hosted/lookup-long-128,7,67108864,512,512,940625,947333,997916,0,2001,0,1024512,0,0,512,0,n/a,0,0,0,0,0,0,32,8
fat32/hosted/list-long-128,7,67108864,512,512,29916,30125,31583,0,33,0,16896,0,0,512,0,n/a,0,0,0,0,0,0,32,8
fat32/hosted/create-remove-short,7,67108864,512,512,158542,162875,170500,4096,513,528,262656,270336,1,512,512,66.000,68608,68608,99840,32768,512,0,32,8
fat32/hosted/create-remove-long,7,67108864,512,512,431625,436291,450541,4096,1374,972,703488,497664,1,512,512,121.500,80896,80896,302592,32768,512,0,32,8
fat32/hosted/lookup-128,7,67108864,512,512,285333,291125,292083,0,129,0,66048,0,0,512,0,n/a,0,0,0,0,0,0,32,8
fat32/hosted/list-128,7,67108864,512,512,20333,20709,22375,0,9,0,4608,0,0,512,0,n/a,0,0,0,0,0,0,32,8
