layout,cache,trial,samples,median_ms,min_ms,max_ms,image_reads,requested_image_bytes
root,none,1,21,130.523917,125.600583,145.754042,63871,32832000
root,hint,1,21,77.663833,76.126083,81.78325,1133,710144
root,directory,1,21,78.182292,76.746833,85.997125,1257,773632
root,all,1,21,77.673708,76.782083,80.685834,1079,682496
nested,none,1,21,86.647333,84.766584,90.947125,9113,4795904
nested,hint,1,21,79.088916,77.675333,84.558583,1154,720896
nested,directory,1,21,79.791041,78.627083,91.670541,1266,778240
nested,all,1,21,79.869667,78.040875,81.425,1090,688128
nested-long,none,1,21,108.811083,107.524833,112.78225,33265,17161728
nested-long,hint,1,21,81.072209,79.862042,84.182541,1537,916992
nested-long,directory,1,21,81.935167,80.773292,85.117458,2281,1297920
nested-long,all,1,21,81.573459,80.61325,94.053292,1300,795648
root,all,2,21,77.533708,75.493375,78.890833,1079,682496
root,directory,2,21,78.255458,76.593792,79.470708,1257,773632
root,hint,2,21,77.211917,75.962875,80.111083,1133,710144
root,none,2,21,129.658625,128.024292,134.628625,63871,32832000
nested,all,2,21,79.806625,78.673334,82.465334,1090,688128
nested,directory,2,21,79.742459,79.06425,83.101625,1266,778240
nested,hint,2,21,79.665708,78.824334,83.068,1154,720896
nested,none,2,21,86.13725,84.979541,96.868959,9113,4795904
nested-long,all,2,21,82.089,80.981667,85.672625,1300,795648
nested-long,directory,2,21,82.514375,81.2775,84.35125,2281,1297920
nested-long,hint,2,21,81.651583,80.499875,84.252291,1537,916992
nested-long,none,2,21,108.678833,107.457167,110.184875,33265,17161728
