case,format,workload,backend,cache,file_count,metadata_blocks,samples,median_ns,min_ns,max_ns,median_read_calls,median_read_bytes,median_peak_rss_bytes,min_peak_rss_bytes,max_peak_rss_bytes
baseline-file,fat12,mount,file,default,32,8,5,2000,1792,5084,1,512,2490368,2490368,2490368
baseline-file,fat12,list,file,default,32,8,5,8041,7667,10583,3,1536,2686976,2670592,2703360
baseline-file,fat12,lookup-last,file,default,32,8,5,3250,3084,3500,3,1536,2605056,2605056,2605056
baseline-file,fat12,lookup-miss,file,default,32,8,5,3125,2792,3875,3,1536,2555904,2555904,2555904
baseline-file,fat12,lookup-last-warm,file,default,32,8,5,1000,875,1250,0,0,2605056,2605056,2605056
baseline-file,fat12,lookup-batch,file,default,32,8,5,21500,20625,22917,3,1536,2621440,2605056,2637824
baseline-file,fat12,stat,file,default,32,8,5,83,41,125,0,0,2605056,2605056,2605056
baseline-file,fat12,read-4k,file,default,32,8,5,1875,1667,2458,2,4608,2637824,2637824,2637824
baseline-file,fat12,read-64k,file,default,32,8,5,4333,4084,4833,2,66048,2686976,2686976,2686976
baseline-file,fat12,read-scattered,file,default,32,8,5,8041,7125,8167,6,20992,2605056,2605056,2605056
baseline-file,fat12,read-full,file,default,32,8,5,7416,7125,7584,2,131584,2752512,2752512,2752512
baseline-file,fat16,mount,file,default,32,8,5,2500,2292,3084,2,1024,2490368,2490368,2490368
baseline-file,fat16,list,file,default,32,8,5,7958,7625,8417,3,1536,2686976,2670592,2686976
baseline-file,fat16,lookup-last,file,default,32,8,5,3375,3000,3417,3,1536,2605056,2605056,2605056
baseline-file,fat16,lookup-miss,file,default,32,8,5,2875,2792,3208,3,1536,2555904,2555904,2555904
baseline-file,fat16,lookup-last-warm,file,default,32,8,5,1000,917,1333,0,0,2605056,2605056,2605056
baseline-file,fat16,lookup-batch,file,default,32,8,5,20833,20625,23708,3,1536,2621440,2621440,2637824
baseline-file,fat16,stat,file,default,32,8,5,125,83,125,0,0,2605056,2605056,2605056
baseline-file,fat16,read-4k,file,default,32,8,5,1666,1542,1792,2,4608,2637824,2605056,2637824
baseline-file,fat16,read-64k,file,default,32,8,5,3458,3334,3792,2,66048,2686976,2686976,2686976
baseline-file,fat16,read-scattered,file,default,32,8,5,6000,5583,7833,6,20992,2605056,2605056,2605056
baseline-file,fat16,read-full,file,default,32,8,5,5375,5167,6042,2,131584,2752512,2736128,2752512
baseline-file,fat32,mount,file,default,32,8,5,3166,2958,3458,3,1536,2490368,2490368,2490368
baseline-file,fat32,list,file,default,32,8,5,9208,8500,9750,4,2048,2686976,2670592,2686976
baseline-file,fat32,lookup-last,file,default,32,8,5,3916,3792,4250,4,2048,2605056,2605056,2605056
baseline-file,fat32,lookup-miss,file,default,32,8,5,3667,3625,3958,4,2048,2555904,2555904,2555904
baseline-file,fat32,lookup-last-warm,file,default,32,8,5,1167,1083,1417,0,0,2605056,2605056,2605056
baseline-file,fat32,lookup-batch,file,default,32,8,5,25459,23834,26583,4,2048,2621440,2621440,2637824
baseline-file,fat32,stat,file,default,32,8,5,125,83,125,0,0,2605056,2605056,2605056
baseline-file,fat32,read-4k,file,default,32,8,5,1000,917,1083,1,4096,2637824,2621440,2637824
baseline-file,fat32,read-64k,file,default,32,8,5,4125,4042,4583,2,66048,2703360,2703360,2703360
baseline-file,fat32,read-scattered,file,default,32,8,5,7792,7625,8750,7,21504,2621440,2621440,2637824
baseline-file,fat32,read-full,file,default,32,8,5,7250,7042,8959,3,132096,2768896,2768896,2768896
baseline-file,exfat,mount,file,default,32,0,5,67667,63875,70375,27,13824,2490368,2490368,2490368
baseline-file,exfat,list,file,default,32,0,5,12875,12333,15542,7,3584,2637824,2621440,2654208
baseline-file,exfat,lookup-last,file,default,32,0,5,5834,5584,7625,7,3584,2572288,2572288,2572288
baseline-file,exfat,lookup-miss,file,default,32,0,5,5625,5458,5750,7,3584,2555904,2555904,2555904
baseline-file,exfat,lookup-last-warm,file,default,32,0,5,5458,5333,5667,7,3584,2572288,2572288,2572288
baseline-file,exfat,lookup-batch,file,default,32,0,5,96583,91250,106250,116,59392,2588672,2588672,2588672
baseline-file,exfat,stat,file,default,32,0,5,208,208,208,0,0,2572288,2572288,2572288
baseline-file,exfat,read-4k,file,default,32,0,5,916,834,958,1,4096,2605056,2588672,2605056
baseline-file,exfat,read-64k,file,default,32,0,5,3208,2834,3417,2,66048,2654208,2654208,2654208
baseline-file,exfat,read-scattered,file,default,32,0,5,4542,4333,4875,6,20992,2572288,2555904,2572288
baseline-file,exfat,read-full,file,default,32,0,5,4792,4375,6250,2,131584,2719744,2719744,2719744
baseline-file,iso,mount,file,default,32,0,5,3500,3416,3833,3,6144,2441216,2441216,2441216
baseline-file,iso,list,file,default,32,0,5,51250,45583,52166,68,139264,2572288,2555904,2588672
baseline-file,iso,lookup-last,file,default,32,0,5,2875,2625,2959,2,4096,2473984,2473984,2473984
baseline-file,iso,lookup-miss,file,default,32,0,5,2833,2667,3584,2,4096,2490368,2490368,2490368
baseline-file,iso,lookup-last-warm,file,default,32,0,5,2833,2500,2916,2,4096,2473984,2473984,2473984
baseline-file,iso,lookup-batch,file,default,32,0,5,68709,60916,73959,64,131072,2490368,2490368,2506752
baseline-file,iso,stat,file,default,32,0,5,750,667,834,1,2048,2473984,2473984,2473984
baseline-file,iso,read-4k,file,default,32,0,5,1417,1291,1916,2,6144,2506752,2490368,2506752
baseline-file,iso,read-64k,file,default,32,0,5,3000,2958,3083,2,67584,2555904,2539520,2555904
baseline-file,iso,read-scattered,file,default,32,0,5,6834,6375,6875,10,30720,2473984,2473984,2473984
baseline-file,iso,read-full,file,default,32,0,5,4459,4209,4625,2,133120,2621440,2621440,2621440
baseline-file,udf,mount,file,default,32,0,5,22833,20209,23000,16,22016,2473984,2473984,2473984
baseline-file,udf,list,file,default,32,0,5,160167,147834,199333,138,173568,2605056,2588672,2605056
baseline-file,udf,lookup-last,file,default,32,0,5,52709,49625,54334,72,38400,2523136,2506752,2523136
baseline-file,udf,lookup-miss,file,default,32,0,5,52125,49542,57084,72,38400,2523136,2523136,2523136
baseline-file,udf,lookup-last-warm,file,default,32,0,5,52959,49792,54917,72,38400,2523136,2523136,2523136
baseline-file,udf,lookup-batch,file,default,32,0,5,904833,884666,1028375,1193,659968,2539520,2539520,2555904
baseline-file,udf,stat,file,default,32,0,5,1375,1333,1375,1,2048,2506752,2506752,2506752
baseline-file,udf,read-4k,file,default,32,0,5,2292,2125,3292,2,6144,2539520,2539520,2539520
baseline-file,udf,read-64k,file,default,32,0,5,3583,3458,4000,2,67584,2588672,2588672,2588672
baseline-file,udf,read-scattered,file,default,32,0,5,10375,9625,11209,10,30720,2506752,2506752,2506752
baseline-file,udf,read-full,file,default,32,0,5,5541,4792,10667,2,133120,2654208,2654208,2654208
baseline-memory,fat12,mount,memory,default,32,8,21,583,541,2000,1,512,,,
baseline-memory,fat12,list,memory,default,32,8,21,6750,6334,8209,3,1536,,,
baseline-memory,fat12,lookup-last,memory,default,32,8,21,1083,1000,2416,3,1536,,,
baseline-memory,fat12,lookup-miss,memory,default,32,8,21,1000,916,1042,3,1536,,,
baseline-memory,fat12,lookup-last-warm,memory,default,32,8,21,1000,958,1167,0,0,,,
baseline-memory,fat12,lookup-batch,memory,default,32,8,21,21625,20708,25084,3,1536,,,
baseline-memory,fat12,stat,memory,default,32,8,21,83,41,84,0,0,,,
baseline-memory,fat12,read-4k,memory,default,32,8,21,250,208,375,2,4608,,,
baseline-memory,fat12,read-64k,memory,default,32,8,21,3292,3000,4208,2,66048,,,
baseline-memory,fat12,read-scattered,memory,default,32,8,21,3792,3375,5167,6,20992,,,
baseline-memory,fat12,read-full,memory,default,32,8,21,5292,5167,5542,2,131584,,,
baseline-memory,fat16,mount,memory,default,32,8,21,709,667,875,2,1024,,,
baseline-memory,fat16,list,memory,default,32,8,21,7916,6291,8667,3,1536,,,
baseline-memory,fat16,lookup-last,memory,default,32,8,21,1042,958,1750,3,1536,,,
baseline-memory,fat16,lookup-miss,memory,default,32,8,21,875,833,1208,3,1536,,,
baseline-memory,fat16,lookup-last-warm,memory,default,32,8,21,1166,833,1291,0,0,,,
baseline-memory,fat16,lookup-batch,memory,default,32,8,21,23083,20167,25792,3,1536,,,
baseline-memory,fat16,stat,memory,default,32,8,21,83,41,125,0,0,,,
baseline-memory,fat16,read-4k,memory,default,32,8,21,208,167,292,2,4608,,,
baseline-memory,fat16,read-64k,memory,default,32,8,21,2750,2167,3250,2,66048,,,
baseline-memory,fat16,read-scattered,memory,default,32,8,21,2709,2167,3208,6,20992,,,
baseline-memory,fat16,read-full,memory,default,32,8,21,4625,3625,5292,2,131584,,,
baseline-memory,fat32,mount,memory,default,32,8,21,584,583,709,3,1536,,,
baseline-memory,fat32,list,memory,default,32,8,21,6500,6250,7959,4,2048,,,
baseline-memory,fat32,lookup-last,memory,default,32,8,21,1125,1083,1458,4,2048,,,
baseline-memory,fat32,lookup-miss,memory,default,32,8,21,1042,1000,1083,4,2048,,,
baseline-memory,fat32,lookup-last-warm,memory,default,32,8,21,1000,958,1125,0,0,,,
baseline-memory,fat32,lookup-batch,memory,default,32,8,21,22584,21333,27375,4,2048,,,
baseline-memory,fat32,stat,memory,default,32,8,21,42,41,84,0,0,,,
baseline-memory,fat32,read-4k,memory,default,32,8,21,167,125,209,1,4096,,,
baseline-memory,fat32,read-64k,memory,default,32,8,21,2833,2708,3709,2,66048,,,
baseline-memory,fat32,read-scattered,memory,default,32,8,21,3708,3666,4042,7,21504,,,
baseline-memory,fat32,read-full,memory,default,32,8,21,4917,4875,5000,3,132096,,,
baseline-memory,exfat,mount,memory,default,32,0,21,49417,44583,53250,27,13824,,,
baseline-memory,exfat,list,memory,default,32,0,21,8500,8291,10416,7,3584,,,
baseline-memory,exfat,lookup-last,memory,default,32,0,21,1500,1417,2750,7,3584,,,
baseline-memory,exfat,lookup-miss,memory,default,32,0,21,1250,1167,1583,7,3584,,,
baseline-memory,exfat,lookup-last-warm,memory,default,32,0,21,1417,1375,1500,7,3584,,,
baseline-memory,exfat,lookup-batch,memory,default,32,0,21,27125,26334,32083,116,59392,,,
baseline-memory,exfat,stat,memory,default,32,0,21,208,166,1083,0,0,,,
baseline-memory,exfat,read-4k,memory,default,32,0,21,84,83,417,1,4096,,,
baseline-memory,exfat,read-64k,memory,default,32,0,21,1708,1458,15834,2,66048,,,
baseline-memory,exfat,read-scattered,memory,default,32,0,21,916,833,1291,6,20992,,,
baseline-memory,exfat,read-full,memory,default,32,0,21,2833,2625,4042,2,131584,,,
baseline-memory,iso,mount,memory,default,32,0,21,1125,1041,11083,3,6144,,,
baseline-memory,iso,list,memory,default,32,0,21,10792,9708,12875,68,139264,,,
baseline-memory,iso,lookup-last,memory,default,32,0,21,1625,1500,2166,2,4096,,,
baseline-memory,iso,lookup-miss,memory,default,32,0,21,1542,1500,1583,2,4096,,,
baseline-memory,iso,lookup-last-warm,memory,default,32,0,21,1541,1375,1667,2,4096,,,
baseline-memory,iso,lookup-batch,memory,default,32,0,21,28792,26417,32583,64,131072,,,
baseline-memory,iso,stat,memory,default,32,0,21,125,125,166,1,2048,,,
baseline-memory,iso,read-4k,memory,default,32,0,21,166,125,167,2,6144,,,
baseline-memory,iso,read-64k,memory,default,32,0,21,1833,1584,2250,2,67584,,,
baseline-memory,iso,read-scattered,memory,default,32,0,21,708,666,834,10,30720,,,
baseline-memory,iso,read-full,memory,default,32,0,21,2292,2250,2459,2,133120,,,
baseline-memory,udf,mount,memory,default,32,0,21,11250,11208,11417,16,22016,,,
baseline-memory,udf,list,memory,default,32,0,21,70917,64625,112708,138,173568,,,
baseline-memory,udf,lookup-last,memory,default,32,0,21,11542,10958,11875,72,38400,,,
baseline-memory,udf,lookup-miss,memory,default,32,0,21,10875,10792,15166,72,38400,,,
baseline-memory,udf,lookup-last-warm,memory,default,32,0,21,10875,10708,15000,72,38400,,,
baseline-memory,udf,lookup-batch,memory,default,32,0,21,195625,190250,227167,1193,659968,,,
baseline-memory,udf,stat,memory,default,32,0,21,792,750,1000,1,2048,,,
baseline-memory,udf,read-4k,memory,default,32,0,21,875,834,1125,2,6144,,,
baseline-memory,udf,read-64k,memory,default,32,0,21,2334,2250,2834,2,67584,,,
baseline-memory,udf,read-scattered,memory,default,32,0,21,4084,4041,5916,10,30720,,,
baseline-memory,udf,read-full,memory,default,32,0,21,2875,2833,12375,2,133120,,,
exfat-1000-file,exfat,mount,file,default,1000,0,5,63583,59125,66500,27,13824,2490368,2490368,2490368
exfat-1000-file,exfat,list,file,default,1000,0,5,398500,385292,407166,211,108032,3719168,3702784,3719168
exfat-1000-file,exfat,lookup-last,file,default,1000,0,5,165208,150000,170750,211,108032,2572288,2572288,2572288
exfat-1000-file,exfat,lookup-miss,file,default,1000,0,5,152917,142500,171416,211,108032,2555904,2555904,2555904
exfat-1000-file,exfat,lookup-last-warm,file,default,1000,0,5,153750,143666,178209,211,108032,2572288,2572288,2572288
exfat-1000-file,exfat,lookup-batch,file,default,1000,0,5,79688083,79170250,81093417,105751,54144512,2670592,2670592,2686976
exfat-1000-file,exfat,stat,file,default,1000,0,5,208,167,333,0,0,2572288,2572288,2572288
exfat-1000-file,exfat,read-4k,file,default,1000,0,5,792,750,1000,1,4096,2588672,2588672,2605056
exfat-1000-file,exfat,read-64k,file,default,1000,0,5,3166,3083,4083,2,66048,2654208,2654208,2654208
exfat-1000-file,exfat,read-scattered,file,default,1000,0,5,5000,4334,5292,6,20992,2572288,2572288,2572288
exfat-1000-file,exfat,read-full,file,default,1000,0,5,4625,4625,5208,2,131584,2719744,2719744,2719744
exfat-1000-memory,exfat,mount,memory,default,1000,0,21,46958,46916,47792,27,13824,,,
exfat-1000-memory,exfat,list,memory,default,1000,0,21,280542,264708,299083,211,108032,,,
exfat-1000-memory,exfat,lookup-last,memory,default,1000,0,21,39208,38417,50875,211,108032,,,
exfat-1000-memory,exfat,lookup-miss,memory,default,1000,0,21,37167,36250,43209,211,108032,,,
exfat-1000-memory,exfat,lookup-last-warm,memory,default,1000,0,21,37209,36792,46916,211,108032,,,
exfat-1000-memory,exfat,lookup-batch,memory,default,1000,0,21,19313000,18584667,20191208,105751,54144512,,,
exfat-1000-memory,exfat,stat,memory,default,1000,0,21,167,166,250,0,0,,,
exfat-1000-memory,exfat,read-4k,memory,default,1000,0,21,125,83,1792,1,4096,,,
exfat-1000-memory,exfat,read-64k,memory,default,1000,0,21,1333,1208,1833,2,66048,,,
exfat-1000-memory,exfat,read-scattered,memory,default,1000,0,21,1083,958,9500,6,20992,,,
exfat-1000-memory,exfat,read-full,memory,default,1000,0,21,2333,2125,3000,2,131584,,,
fat32-1000-file,fat32,mount,file,default,1000,8,5,3333,3125,3417,3,1536,2490368,2490368,2490368
fat32-1000-file,fat32,list,file,default,1000,8,5,237791,210458,244583,72,36864,3784704,3768320,3801088
fat32-1000-file,fat32,lookup-last,file,default,1000,8,5,68541,66042,72417,72,36864,2621440,2621440,2637824
fat32-1000-file,fat32,lookup-miss,file,default,1000,8,5,70709,67250,85375,72,36864,2572288,2572288,2572288
fat32-1000-file,fat32,lookup-last-warm,file,default,1000,8,5,78167,65292,80584,72,36864,2621440,2621440,2637824
fat32-1000-file,fat32,lookup-batch,file,default,1000,8,5,37891542,37485792,38835250,35640,18247680,2736128,2719744,2736128
fat32-1000-file,fat32,stat,file,default,1000,8,5,125,83,125,0,0,2621440,2621440,2621440
fat32-1000-file,fat32,read-4k,file,default,1000,8,5,916,875,1083,1,4096,2670592,2670592,2670592
fat32-1000-file,fat32,read-64k,file,default,1000,8,5,4375,4000,4458,2,66048,2703360,2703360,2719744
fat32-1000-file,fat32,read-scattered,file,default,1000,8,5,8666,7750,9667,7,21504,2621440,2621440,2637824
fat32-1000-file,fat32,read-full,file,default,1000,8,5,7625,7000,7916,3,132096,2768896,2768896,2785280
fat32-1000-memory,fat32,mount,memory,default,1000,8,21,584,583,1916,3,1536,,,
fat32-1000-memory,fat32,list,memory,default,1000,8,21,196709,188417,214583,72,36864,,,
fat32-1000-memory,fat32,lookup-last,memory,default,1000,8,21,28584,27084,87375,72,36864,,,
fat32-1000-memory,fat32,lookup-miss,memory,default,1000,8,21,27042,26208,76500,72,36864,,,
fat32-1000-memory,fat32,lookup-last-warm,memory,default,1000,8,21,26708,26375,33250,72,36864,,,
fat32-1000-memory,fat32,lookup-batch,memory,default,1000,8,21,15902750,15646666,16894041,35640,18247680,,,
fat32-1000-memory,fat32,stat,memory,default,1000,8,21,42,41,83,0,0,,,
fat32-1000-memory,fat32,read-4k,memory,default,1000,8,21,166,125,209,1,4096,,,
fat32-1000-memory,fat32,read-64k,memory,default,1000,8,21,2750,2500,3375,2,66048,,,
fat32-1000-memory,fat32,read-scattered,memory,default,1000,8,21,3917,3750,5291,7,21504,,,
fat32-1000-memory,fat32,read-full,memory,default,1000,8,21,4833,4667,6541,3,132096,,,
fat32-index-1000-file,fat32,mount,file,index,1000,8,5,6083,5667,8750,3,1536,2539520,2539520,2539520
fat32-index-1000-file,fat32,list,file,index,1000,8,5,239666,229917,244791,72,36864,3784704,3768320,3801088
fat32-index-1000-file,fat32,lookup-last,file,index,1000,8,5,125084,119083,130375,72,36864,2736128,2736128,2752512
fat32-index-1000-file,fat32,lookup-miss,file,index,1000,8,5,127000,120250,134583,72,36864,2703360,2703360,2703360
fat32-index-1000-file,fat32,lookup-last-warm,file,index,1000,8,5,1000,917,1042,0,0,2736128,2736128,2736128
fat32-index-1000-file,fat32,lookup-batch,file,index,1000,8,5,828500,543708,1023167,72,36864,2834432,2834432,2850816
fat32-index-1000-file,fat32,stat,file,index,1000,8,5,84,41,125,0,0,2736128,2736128,2752512
fat32-index-1000-file,fat32,read-4k,file,index,1000,8,5,1083,1000,1125,1,4096,2785280,2785280,2785280
fat32-index-1000-file,fat32,read-64k,file,index,1000,8,5,4375,4333,4708,2,66048,2801664,2801664,2818048
fat32-index-1000-file,fat32,read-scattered,file,index,1000,8,5,8709,8541,9125,7,21504,2736128,2736128,2752512
fat32-index-1000-file,fat32,read-full,file,index,1000,8,5,7875,7583,8000,3,132096,2867200,2867200,2883584
fat32-index-1000-memory,fat32,mount,memory,index,1000,8,21,708,625,2250,3,1536,,,
fat32-index-1000-memory,fat32,list,memory,index,1000,8,21,196042,189792,206250,72,36864,,,
fat32-index-1000-memory,fat32,lookup-last,memory,index,1000,8,21,73208,72208,81833,72,36864,,,
fat32-index-1000-memory,fat32,lookup-miss,memory,index,1000,8,21,72833,71625,78917,72,36864,,,
fat32-index-1000-memory,fat32,lookup-last-warm,memory,index,1000,8,21,791,750,833,0,0,,,
fat32-index-1000-memory,fat32,lookup-batch,memory,index,1000,8,21,898167,484083,945167,72,36864,,,
fat32-index-1000-memory,fat32,stat,memory,index,1000,8,21,83,0,84,0,0,,,
fat32-index-1000-memory,fat32,read-4k,memory,index,1000,8,21,208,166,334,1,4096,,,
fat32-index-1000-memory,fat32,read-64k,memory,index,1000,8,21,2666,2500,3000,2,66048,,,
fat32-index-1000-memory,fat32,read-scattered,memory,index,1000,8,21,3917,3833,4333,7,21504,,,
fat32-index-1000-memory,fat32,read-full,memory,index,1000,8,21,5000,4792,5541,3,132096,,,
fat32-none-1000-file,fat32,mount,file,none,1000,0,5,3458,3416,5875,3,1536,2490368,2490368,2490368
fat32-none-1000-file,fat32,list,file,none,1000,0,5,416584,273208,546083,125,64000,3751936,3719168,3833856
fat32-none-1000-file,fat32,lookup-last,file,none,1000,0,5,104042,103250,200167,125,64000,2605056,2605056,2605056
fat32-none-1000-file,fat32,lookup-miss,file,none,1000,0,5,102875,102417,105000,125,64000,2555904,2555904,2555904
fat32-none-1000-file,fat32,lookup-last-warm,file,none,1000,0,5,103416,102333,107834,125,64000,2605056,2605056,2605056
fat32-none-1000-file,fat32,lookup-batch,file,none,1000,0,5,54747958,53064125,55460167,62613,32057856,2703360,2703360,2719744
fat32-none-1000-file,fat32,stat,file,none,1000,0,5,84,83,125,0,0,2605056,2605056,2605056
fat32-none-1000-file,fat32,read-4k,file,none,1000,0,5,1667,1583,1750,2,4608,2637824,2637824,2637824
fat32-none-1000-file,fat32,read-64k,file,none,1000,0,5,5125,4833,5917,3,66560,2686976,2686976,2686976
fat32-none-1000-file,fat32,read-scattered,file,none,1000,0,5,13667,13125,13667,12,24064,2605056,2605056,2605056
fat32-none-1000-file,fat32,read-full,file,none,1000,0,5,8292,8084,8667,4,132608,2752512,2752512,2752512
fat32-none-1000-memory,fat32,mount,memory,none,1000,0,21,583,542,750,3,1536,,,
fat32-none-1000-memory,fat32,list,memory,none,1000,0,21,205666,202542,500458,125,64000,,,
fat32-none-1000-memory,fat32,lookup-last,memory,none,1000,0,21,25750,25500,30833,125,64000,,,
fat32-none-1000-memory,fat32,lookup-miss,memory,none,1000,0,21,25666,25375,26417,125,64000,,,
fat32-none-1000-memory,fat32,lookup-last-warm,memory,none,1000,0,21,26083,25875,27125,125,64000,,,
fat32-none-1000-memory,fat32,lookup-batch,memory,none,1000,0,21,26545000,15382917,43295208,62613,32057856,,,
fat32-none-1000-memory,fat32,stat,memory,none,1000,0,21,83,41,625,0,0,,,
fat32-none-1000-memory,fat32,read-4k,memory,none,1000,0,21,167,166,209,2,4608,,,
fat32-none-1000-memory,fat32,read-64k,memory,none,1000,0,21,2875,2583,3041,3,66560,,,
fat32-none-1000-memory,fat32,read-scattered,memory,none,1000,0,21,6375,6292,6500,12,24064,,,
fat32-none-1000-memory,fat32,read-full,memory,none,1000,0,21,5291,5042,5416,4,132608,,,
iso-1000-file,iso,mount,file,default,1000,0,5,3333,3167,3459,3,6144,2441216,2441216,2441216
iso-1000-file,iso,list,file,default,1000,0,5,1486791,1463625,1546541,2027,4151296,3653632,3637248,3653632
iso-1000-file,iso,lookup-last,file,default,1000,0,5,58500,52875,65166,25,51200,2473984,2473984,2473984
iso-1000-file,iso,lookup-miss,file,default,1000,0,5,53125,51958,55875,25,51200,2490368,2490368,2490368
iso-1000-file,iso,lookup-last-warm,file,default,1000,0,5,55500,51375,64416,25,51200,2473984,2473984,2473984
iso-1000-file,iso,lookup-batch,file,default,1000,0,5,29394542,29217250,30335042,13431,27506688,2572288,2572288,2572288
iso-1000-file,iso,stat,file,default,1000,0,5,792,792,833,1,2048,2473984,2473984,2473984
iso-1000-file,iso,read-4k,file,default,1000,0,5,1375,1291,1417,2,6144,2490368,2490368,2506752
iso-1000-file,iso,read-64k,file,default,1000,0,5,2917,2708,3666,2,67584,2555904,2555904,2555904
iso-1000-file,iso,read-scattered,file,default,1000,0,5,6541,6125,6750,10,30720,2473984,2473984,2473984
iso-1000-file,iso,read-full,file,default,1000,0,5,4625,4125,4667,2,133120,2621440,2621440,2621440
iso-1000-memory,iso,mount,memory,default,1000,0,21,1042,1000,1292,3,6144,,,
iso-1000-memory,iso,list,memory,default,1000,0,21,297375,283083,323959,2027,4151296,,,
iso-1000-memory,iso,lookup-last,memory,default,1000,0,21,40291,39291,47791,25,51200,,,
iso-1000-memory,iso,lookup-miss,memory,default,1000,0,21,40125,39250,43875,25,51200,,,
iso-1000-memory,iso,lookup-last-warm,memory,default,1000,0,21,38958,38791,45958,25,51200,,,
iso-1000-memory,iso,lookup-batch,memory,default,1000,0,21,21387125,20966916,21607375,13431,27506688,,,
iso-1000-memory,iso,stat,memory,default,1000,0,21,125,125,167,1,2048,,,
iso-1000-memory,iso,read-4k,memory,default,1000,0,21,167,166,209,2,6144,,,
iso-1000-memory,iso,read-64k,memory,default,1000,0,21,1500,1375,2125,2,67584,,,
iso-1000-memory,iso,read-scattered,memory,default,1000,0,21,875,792,917,10,30720,,,
iso-1000-memory,iso,read-full,memory,default,1000,0,21,2250,2125,2375,2,133120,,,
iso-default-blocks32-1000-file,iso,mount,file,default,1000,32,5,6333,6083,9416,3,6144,2506752,2490368,2506752
iso-default-blocks32-1000-file,iso,list,file,default,1000,32,5,276542,275500,314833,24,49152,3751936,3751936,3751936
iso-default-blocks32-1000-file,iso,lookup-last,file,default,1000,32,5,57708,57125,61709,24,49152,2605056,2572288,2605056
iso-default-blocks32-1000-file,iso,lookup-miss,file,default,1000,32,5,57666,56875,60167,24,49152,2621440,2605056,2621440
iso-default-blocks32-1000-file,iso,lookup-last-warm,file,default,1000,32,5,42584,41334,43375,0,0,2605056,2588672,2605056
iso-default-blocks32-1000-file,iso,lookup-batch,file,default,1000,32,5,21898916,21251959,22152750,24,49152,2703360,2686976,2703360
iso-default-blocks32-1000-file,iso,stat,file,default,1000,32,5,291,291,333,0,0,2605056,2588672,2605056
iso-default-blocks32-1000-file,iso,read-4k,file,default,1000,32,5,750,709,792,1,4096,2621440,2605056,2621440
iso-default-blocks32-1000-file,iso,read-64k,file,default,1000,32,5,2250,2125,2333,1,65536,2654208,2654208,2670592
iso-default-blocks32-1000-file,iso,read-scattered,file,default,1000,32,5,3625,3500,4459,5,20480,2605056,2588672,2605056
iso-default-blocks32-1000-file,iso,read-full,file,default,1000,32,5,3708,3625,4042,1,131072,2736128,2719744,2736128
iso-default-blocks32-1000-memory,iso,mount,memory,default,1000,32,21,1125,1083,1250,3,6144,,,
iso-default-blocks32-1000-memory,iso,list,memory,default,1000,32,21,271416,256125,310375,24,49152,,,
iso-default-blocks32-1000-memory,iso,lookup-last,memory,default,1000,32,21,41292,40875,48000,24,49152,,,
iso-default-blocks32-1000-memory,iso,lookup-miss,memory,default,1000,32,21,40667,40416,47000,24,49152,,,
iso-default-blocks32-1000-memory,iso,lookup-last-warm,memory,default,1000,32,21,39667,39417,45834,0,0,,,
iso-default-blocks32-1000-memory,iso,lookup-batch,memory,default,1000,32,21,21566375,21199250,22090750,24,49152,,,
iso-default-blocks32-1000-memory,iso,stat,memory,default,1000,32,21,167,125,250,0,0,,,
iso-default-blocks32-1000-memory,iso,read-4k,memory,default,1000,32,21,125,83,125,1,4096,,,
iso-default-blocks32-1000-memory,iso,read-64k,memory,default,1000,32,21,1334,1084,1500,1,65536,,,
iso-default-blocks32-1000-memory,iso,read-scattered,memory,default,1000,32,21,625,583,667,5,20480,,,
iso-default-blocks32-1000-memory,iso,read-full,memory,default,1000,32,21,2250,2166,2375,1,131072,,,
iso-index-1000-file,iso,mount,file,index,1000,8,5,6250,6208,6792,3,6144,2506752,2490368,2506752
iso-index-1000-file,iso,list,file,index,1000,8,5,295125,287667,311625,24,49152,3719168,3702784,3719168
iso-index-1000-file,iso,lookup-last,file,index,1000,8,5,56625,52792,56958,24,49152,2572288,2572288,2572288
iso-index-1000-file,iso,lookup-miss,file,index,1000,8,5,56750,56750,58209,24,49152,2588672,2572288,2588672
iso-index-1000-file,iso,lookup-last-warm,file,index,1000,8,5,55959,52916,64417,24,49152,2572288,2539520,2572288
iso-index-1000-file,iso,lookup-batch,file,index,1000,8,5,28583959,28420833,28869125,10920,22364160,2654208,2654208,2670592
iso-index-1000-file,iso,stat,file,index,1000,8,5,250,250,291,0,0,2555904,2555904,2572288
iso-index-1000-file,iso,read-4k,file,index,1000,8,5,750,750,792,1,4096,2588672,2588672,2588672
iso-index-1000-file,iso,read-64k,file,index,1000,8,5,2334,2250,2500,1,65536,2637824,2621440,2637824
iso-index-1000-file,iso,read-scattered,file,index,1000,8,5,3541,3334,3625,5,20480,2572288,2555904,2572288
iso-index-1000-file,iso,read-full,file,index,1000,8,5,3791,3667,5792,1,131072,2703360,2686976,2703360
iso-index-1000-memory,iso,mount,memory,index,1000,8,21,1125,1125,1250,3,6144,,,
iso-index-1000-memory,iso,list,memory,index,1000,8,21,269334,254125,295666,24,49152,,,
iso-index-1000-memory,iso,lookup-last,memory,index,1000,8,21,40250,40000,40834,24,49152,,,
iso-index-1000-memory,iso,lookup-miss,memory,index,1000,8,21,40917,40000,48875,24,49152,,,
iso-index-1000-memory,iso,lookup-last-warm,memory,index,1000,8,21,40000,39833,47625,24,49152,,,
iso-index-1000-memory,iso,lookup-batch,memory,index,1000,8,21,22051542,21611291,22383833,10920,22364160,,,
iso-index-1000-memory,iso,stat,memory,index,1000,8,21,166,125,167,0,0,,,
iso-index-1000-memory,iso,read-4k,memory,index,1000,8,21,125,83,250,1,4096,,,
iso-index-1000-memory,iso,read-64k,memory,index,1000,8,21,1459,1375,1625,1,65536,,,
iso-index-1000-memory,iso,read-scattered,memory,index,1000,8,21,625,541,917,5,20480,,,
iso-index-1000-memory,iso,read-full,memory,index,1000,8,21,2333,2166,2500,1,131072,,,
iso-index-blocks32-1000-file,iso,mount,file,index,1000,32,5,3791,3750,3959,3,6144,2473984,2473984,2473984
iso-index-blocks32-1000-file,iso,list,file,index,1000,32,5,291709,274917,302417,24,49152,3751936,3735552,3751936
iso-index-blocks32-1000-file,iso,lookup-last,file,index,1000,32,5,57125,54583,61083,24,49152,2588672,2588672,2588672
iso-index-blocks32-1000-file,iso,lookup-miss,file,index,1000,32,5,57667,54542,59500,24,49152,2605056,2605056,2605056
iso-index-blocks32-1000-file,iso,lookup-last-warm,file,index,1000,32,5,41125,38500,41500,0,0,2588672,2588672,2588672
iso-index-blocks32-1000-file,iso,lookup-batch,file,index,1000,32,5,22153958,21941750,22697541,24,49152,2686976,2686976,2703360
iso-index-blocks32-1000-file,iso,stat,file,index,1000,32,5,250,250,250,0,0,2588672,2588672,2588672
iso-index-blocks32-1000-file,iso,read-4k,file,index,1000,32,5,875,833,916,1,4096,2621440,2621440,2621440
iso-index-blocks32-1000-file,iso,read-64k,file,index,1000,32,5,2250,2125,2375,1,65536,2654208,2654208,2654208
iso-index-blocks32-1000-file,iso,read-scattered,file,index,1000,32,5,3583,3541,3625,5,20480,2588672,2572288,2588672
iso-index-blocks32-1000-file,iso,read-full,file,index,1000,32,5,3666,3625,4041,1,131072,2719744,2719744,2719744
iso-index-blocks32-1000-memory,iso,mount,memory,index,1000,32,21,1083,1041,1334,3,6144,,,
iso-index-blocks32-1000-memory,iso,list,memory,index,1000,32,21,256541,255167,270875,24,49152,,,
iso-index-blocks32-1000-memory,iso,lookup-last,memory,index,1000,32,21,41584,41166,49458,24,49152,,,
iso-index-blocks32-1000-memory,iso,lookup-miss,memory,index,1000,32,21,41459,41292,43875,24,49152,,,
iso-index-blocks32-1000-memory,iso,lookup-last-warm,memory,index,1000,32,21,40542,40250,50833,0,0,,,
iso-index-blocks32-1000-memory,iso,lookup-batch,memory,index,1000,32,21,21527625,21262208,21821917,24,49152,,,
iso-index-blocks32-1000-memory,iso,stat,memory,index,1000,32,21,167,125,250,0,0,,,
iso-index-blocks32-1000-memory,iso,read-4k,memory,index,1000,32,21,125,83,167,1,4096,,,
iso-index-blocks32-1000-memory,iso,read-64k,memory,index,1000,32,21,1500,1250,1667,1,65536,,,
iso-index-blocks32-1000-memory,iso,read-scattered,memory,index,1000,32,21,625,583,834,5,20480,,,
iso-index-blocks32-1000-memory,iso,read-full,memory,index,1000,32,21,2208,2125,2334,1,131072,,,
udf-1000-file,udf,mount,file,default,1000,0,5,21833,20083,22083,16,22016,2473984,2473984,2473984
udf-1000-file,udf,list,file,default,1000,0,5,4511833,4419750,4653375,4100,5175808,3670016,3653632,3686400
udf-1000-file,udf,lookup-last,file,default,1000,0,5,1558833,1519959,1582000,2098,1075712,2523136,2523136,2523136
udf-1000-file,udf,lookup-miss,file,default,1000,0,5,1538625,1510041,1567334,2098,1075712,2523136,2523136,2523136
udf-1000-file,udf,lookup-last-warm,file,default,1000,0,5,1556291,1513250,1599292,2098,1075712,2523136,2523136,2523136
udf-1000-file,udf,lookup-batch,file,default,1000,0,5,775746541,767514333,1045240041,1050615,539450880,2621440,2621440,2637824
udf-1000-file,udf,stat,file,default,1000,0,5,1750,1459,2083,1,2048,2506752,2490368,2506752
udf-1000-file,udf,read-4k,file,default,1000,0,5,2667,2458,3708,2,6144,2523136,2523136,2539520
udf-1000-file,udf,read-64k,file,default,1000,0,5,8375,5959,10166,2,67584,2605056,2588672,2670592
udf-1000-file,udf,read-scattered,file,default,1000,0,5,14167,11666,23583,10,30720,2506752,2506752,2506752
udf-1000-file,udf,read-full,file,default,1000,0,5,18833,7792,22208,2,133120,2654208,2654208,2801664
udf-1000-memory,udf,mount,memory,default,1000,0,21,11791,11709,13125,16,22016,,,
udf-1000-memory,udf,list,memory,default,1000,0,21,2092625,2044708,2284292,4100,5175808,,,
udf-1000-memory,udf,lookup-last,memory,default,1000,0,21,344542,316583,374083,2098,1075712,,,
udf-1000-memory,udf,lookup-miss,memory,default,1000,0,21,327792,315250,350709,2098,1075712,,,
udf-1000-memory,udf,lookup-last-warm,memory,default,1000,0,21,323959,315959,347167,2098,1075712,,,
udf-1000-memory,udf,lookup-batch,memory,default,1000,0,21,163842375,163024458,165648625,1050615,539450880,,,
udf-1000-memory,udf,stat,memory,default,1000,0,21,834,792,1125,1,2048,,,
udf-1000-memory,udf,read-4k,memory,default,1000,0,21,917,875,1000,2,6144,,,
udf-1000-memory,udf,read-64k,memory,default,1000,0,21,2416,2209,2750,2,67584,,,
udf-1000-memory,udf,read-scattered,memory,default,1000,0,21,4542,4500,5667,10,30720,,,
udf-1000-memory,udf,read-full,memory,default,1000,0,21,3291,3125,3584,2,133120,,,
