pattern,capacity_blocks,sample,elapsed_ns,read_calls,read_bytes
sequential,0,1,50014500,81920,41943040
sequential,0,2,50016750,81920,41943040
sequential,0,3,49892458,81920,41943040
sequential,0,4,51422917,81920,41943040
sequential,0,5,49871500,81920,41943040
sequential,0,6,50200125,81920,41943040
sequential,0,7,48931750,81920,41943040
sequential,0,8,50092042,81920,41943040
sequential,0,9,49452584,81920,41943040
sequential,0,10,50262250,81920,41943040
sequential,0,11,49293208,81920,41943040
sequential,0,12,50299250,81920,41943040
sequential,0,13,50432042,81920,41943040
sequential,0,14,50734083,81920,41943040
sequential,0,15,49978750,81920,41943040
sequential,0,16,50240542,81920,41943040
sequential,0,17,49778833,81920,41943040
sequential,0,18,49589500,81920,41943040
sequential,0,19,49711584,81920,41943040
sequential,0,20,50558708,81920,41943040
sequential,0,21,50080083,81920,41943040
sequential,16,1,9565000,10241,41911296
sequential,16,2,9529916,10241,41911296
sequential,16,3,9954167,10241,41911296
sequential,16,4,9552708,10241,41911296
sequential,16,5,9986083,10241,41911296
sequential,16,6,9654917,10241,41911296
sequential,16,7,9702709,10241,41911296
sequential,16,8,9695667,10241,41911296
sequential,16,9,9787667,10241,41911296
sequential,16,10,9435500,10241,41911296
sequential,16,11,9580166,10241,41911296
sequential,16,12,9932416,10241,41911296
sequential,16,13,9517666,10241,41911296
sequential,16,14,9734166,10241,41911296
sequential,16,15,9613334,10241,41911296
sequential,16,16,9560542,10241,41911296
sequential,16,17,9475250,10241,41911296
sequential,16,18,9497375,10241,41911296
sequential,16,19,9727958,10241,41911296
sequential,16,20,10088334,10241,41911296
sequential,16,21,9613167,10241,41911296
sequential,128,1,3954875,1281,41653248
sequential,128,2,4274125,1281,41653248
sequential,128,3,4076791,1281,41653248
sequential,128,4,4182083,1281,41653248
sequential,128,5,3987166,1281,41653248
sequential,128,6,3982500,1281,41653248
sequential,128,7,3929000,1281,41653248
sequential,128,8,4066458,1281,41653248
sequential,128,9,4167666,1281,41653248
sequential,128,10,4163834,1281,41653248
sequential,128,11,4000000,1281,41653248
sequential,128,12,3910208,1281,41653248
sequential,128,13,4169000,1281,41653248
sequential,128,14,4003250,1281,41653248
sequential,128,15,4389709,1281,41653248
sequential,128,16,4177333,1281,41653248
sequential,128,17,4035625,1281,41653248
sequential,128,18,3987542,1281,41653248
sequential,128,19,3973167,1281,41653248
sequential,128,20,3973625,1281,41653248
sequential,128,21,4005541,1281,41653248
alternating,0,1,49708875,81920,41943040
alternating,0,2,50301333,81920,41943040
alternating,0,3,49448667,81920,41943040
alternating,0,4,50498417,81920,41943040
alternating,0,5,51981250,81920,41943040
alternating,0,6,49430750,81920,41943040
alternating,0,7,49429834,81920,41943040
alternating,0,8,49419667,81920,41943040
alternating,0,9,49508000,81920,41943040
alternating,0,10,49523167,81920,41943040
alternating,0,11,49053417,81920,41943040
alternating,0,12,49566291,81920,41943040
alternating,0,13,49110458,81920,41943040
alternating,0,14,49936875,81920,41943040
alternating,0,15,49700333,81920,41943040
alternating,0,16,49317042,81920,41943040
alternating,0,17,49050000,81920,41943040
alternating,0,18,49218833,81920,41943040
alternating,0,19,49478875,81920,41943040
alternating,0,20,49557541,81920,41943040
alternating,0,21,49267584,81920,41943040
alternating,16,1,9013709,10260,41953280
alternating,16,2,9336167,10260,41953280
alternating,16,3,8991209,10260,41953280
alternating,16,4,9053792,10260,41953280
alternating,16,5,9404833,10260,41953280
alternating,16,6,9437125,10260,41953280
alternating,16,7,9439458,10260,41953280
alternating,16,8,9063542,10260,41953280
alternating,16,9,9216750,10260,41953280
alternating,16,10,9454875,10260,41953280
alternating,16,11,9006334,10260,41953280
alternating,16,12,9110708,10260,41953280
alternating,16,13,9603917,10260,41953280
alternating,16,14,9308709,10260,41953280
alternating,16,15,8992875,10260,41953280
alternating,16,16,9027291,10260,41953280
alternating,16,17,9242750,10260,41953280
alternating,16,18,9259333,10260,41953280
alternating,16,19,9128250,10260,41953280
alternating,16,20,9142833,10260,41953280
alternating,16,21,9045000,10260,41953280
alternating,128,1,4192541,1300,41953280
alternating,128,2,4118042,1300,41953280
alternating,128,3,3959792,1300,41953280
alternating,128,4,3833916,1300,41953280
alternating,128,5,3839083,1300,41953280
alternating,128,6,3862625,1300,41953280
alternating,128,7,3764750,1300,41953280
alternating,128,8,3930250,1300,41953280
alternating,128,9,4113375,1300,41953280
alternating,128,10,4138500,1300,41953280
alternating,128,11,3893667,1300,41953280
alternating,128,12,3769084,1300,41953280
alternating,128,13,3780458,1300,41953280
alternating,128,14,3785583,1300,41953280
alternating,128,15,3877375,1300,41953280
alternating,128,16,4091042,1300,41953280
alternating,128,17,3913917,1300,41953280
alternating,128,18,3875167,1300,41953280
alternating,128,19,3843458,1300,41953280
alternating,128,20,3858125,1300,41953280
alternating,128,21,4044125,1300,41953280
fragmented,0,1,53451416,81920,41943040
fragmented,0,2,52906625,81920,41943040
fragmented,0,3,53697875,81920,41943040
fragmented,0,4,52573208,81920,41943040
fragmented,0,5,53315834,81920,41943040
fragmented,0,6,53124417,81920,41943040
fragmented,0,7,53234333,81920,41943040
fragmented,0,8,52111167,81920,41943040
fragmented,0,9,54044958,81920,41943040
fragmented,0,10,51748375,81920,41943040
fragmented,0,11,52664750,81920,41943040
fragmented,0,12,51424083,81920,41943040
fragmented,0,13,53950125,81920,41943040
fragmented,0,14,52713834,81920,41943040
fragmented,0,15,52948084,81920,41943040
fragmented,0,16,53924333,81920,41943040
fragmented,0,17,51331917,81920,41943040
fragmented,0,18,52609708,81920,41943040
fragmented,0,19,51636000,81920,41943040
fragmented,0,20,52708709,81920,41943040
fragmented,0,21,52301042,81920,41943040
fragmented,16,1,53480583,81920,41943040
fragmented,16,2,53178292,81920,41943040
fragmented,16,3,52606083,81920,41943040
fragmented,16,4,53483625,81920,41943040
fragmented,16,5,52339583,81920,41943040
fragmented,16,6,54393833,81920,41943040
fragmented,16,7,52922292,81920,41943040
fragmented,16,8,56545417,81920,41943040
fragmented,16,9,52312666,81920,41943040
fragmented,16,10,54803417,81920,41943040
fragmented,16,11,53677958,81920,41943040
fragmented,16,12,55251625,81920,41943040
fragmented,16,13,54545792,81920,41943040
fragmented,16,14,53031375,81920,41943040
fragmented,16,15,53037833,81920,41943040
fragmented,16,16,51648375,81920,41943040
fragmented,16,17,53690208,81920,41943040
fragmented,16,18,54160833,81920,41943040
fragmented,16,19,52915083,81920,41943040
fragmented,16,20,53129292,81920,41943040
fragmented,16,21,53420458,81920,41943040
fragmented,128,1,52428833,81920,41943040
fragmented,128,2,51792625,81920,41943040
fragmented,128,3,53585125,81920,41943040
fragmented,128,4,51251625,81920,41943040
fragmented,128,5,51659458,81920,41943040
fragmented,128,6,58651791,81920,41943040
fragmented,128,7,54240875,81920,41943040
fragmented,128,8,53785208,81920,41943040
fragmented,128,9,54692542,81920,41943040
fragmented,128,10,53595666,81920,41943040
fragmented,128,11,60819167,81920,41943040
fragmented,128,12,54073500,81920,41943040
fragmented,128,13,52754958,81920,41943040
fragmented,128,14,53532958,81920,41943040
fragmented,128,15,58002500,81920,41943040
fragmented,128,16,54549417,81920,41943040
fragmented,128,17,51901500,81920,41943040
fragmented,128,18,52273833,81920,41943040
fragmented,128,19,59071083,81920,41943040
fragmented,128,20,51901125,81920,41943040
fragmented,128,21,51762584,81920,41943040
random,0,1,59055375,81920,41943040
random,0,2,57997125,81920,41943040
random,0,3,58144833,81920,41943040
random,0,4,57161375,81920,41943040
random,0,5,57769291,81920,41943040
random,0,6,56518667,81920,41943040
random,0,7,57050000,81920,41943040
random,0,8,57040500,81920,41943040
random,0,9,57330334,81920,41943040
random,0,10,58111125,81920,41943040
random,0,11,56709792,81920,41943040
random,0,12,58330542,81920,41943040
random,0,13,55687709,81920,41943040
random,0,14,57674375,81920,41943040
random,0,15,58367083,81920,41943040
random,0,16,57862542,81920,41943040
random,0,17,56728208,81920,41943040
random,0,18,55981417,81920,41943040
random,0,19,58281791,81920,41943040
random,0,20,56903542,81920,41943040
random,0,21,58381625,81920,41943040
random,16,1,61085958,81915,41969152
random,16,2,58766708,81915,41969152
random,16,3,57952875,81915,41969152
random,16,4,60185500,81915,41969152
random,16,5,60315958,81915,41969152
random,16,6,62283000,81915,41969152
random,16,7,61042250,81915,41969152
random,16,8,60021959,81915,41969152
random,16,9,61169000,81915,41969152
random,16,10,58721959,81915,41969152
random,16,11,61793583,81915,41969152
random,16,12,64839667,81915,41969152
random,16,13,62412625,81915,41969152
random,16,14,63071959,81915,41969152
random,16,15,63160375,81915,41969152
random,16,16,60877125,81915,41969152
random,16,17,60135875,81915,41969152
random,16,18,59071083,81915,41969152
random,16,19,60499959,81915,41969152
random,16,20,60905875,81915,41969152
random,16,21,61032333,81915,41969152
random,128,1,60640084,81915,42198528
random,128,2,60763375,81915,42198528
random,128,3,60708209,81915,42198528
random,128,4,61521083,81915,42198528
random,128,5,62571458,81915,42198528
random,128,6,64702417,81915,42198528
random,128,7,65625667,81915,42198528
random,128,8,63741792,81915,42198528
random,128,9,61258209,81915,42198528
random,128,10,60346209,81915,42198528
random,128,11,60623458,81915,42198528
random,128,12,60803750,81915,42198528
random,128,13,60642125,81915,42198528
random,128,14,60054333,81915,42198528
random,128,15,60338500,81915,42198528
random,128,16,60073167,81915,42198528
random,128,17,60498834,81915,42198528
random,128,18,60507458,81915,42198528
random,128,19,61182125,81915,42198528
random,128,20,62877958,81915,42198528
random,128,21,62857000,81915,42198528
