kernel,input_bytes,iterations,median_ns,ns_per_op,ns_per_byte
crc/22,22,45454,1301084,28.624,1.301
crc/52,52,19230,1895125,98.550,1.895
crc/168,168,5952,2481542,416.926,2.482
crc/1024,1024,1000,2748334,2748.334,2.684
crc/2048,2048,1000,5529458,5529.458,2.700
crc/4096,4096,1000,11127459,11127.459,2.717
name/ascii-short,11,90909,842750,9.270,0.843
name/ascii-long,241,4149,666875,160.732,0.667
name/latin1,201,4975,869792,174.833,0.870
name/utf16-short,13,76923,927334,12.055,0.927
name/utf16-long,241,4149,797041,192.104,0.797
name/utf16-surrogates,241,4149,726625,175.133,0.727
