format,workload,sample,elapsed_ns,read_calls,read_bytes,write_calls,write_bytes,flush_calls,io_failures,seek_calls,backend,cache,file_count,metadata_blocks,peak_rss_bytes
"udf","mount",1,23417,16,22016,0,0,0,0,0,file,default,1000,0,2473984
"udf","mount",2,22917,16,22016,0,0,0,0,0,file,default,1000,0,2473984
"udf","mount",3,22916,16,22016,0,0,0,0,0,file,default,1000,0,2473984
"udf","mount",4,23584,16,22016,0,0,0,0,0,file,default,1000,0,2473984
"udf","mount",5,23542,16,22016,0,0,0,0,0,file,default,1000,0,2473984
"udf","mount",6,23125,16,22016,0,0,0,0,0,file,default,1000,0,2473984
"udf","mount",7,23916,16,22016,0,0,0,0,0,file,default,1000,0,2473984
"udf","list",1,3359417,2029,4155392,0,0,0,0,0,file,default,1000,0,3653632
"udf","list",2,3412375,2029,4155392,0,0,0,0,0,file,default,1000,0,3670016
"udf","list",3,3344042,2029,4155392,0,0,0,0,0,file,default,1000,0,3670016
"udf","list",4,3342708,2029,4155392,0,0,0,0,0,file,default,1000,0,3670016
"udf","list",5,3384000,2029,4155392,0,0,0,0,0,file,default,1000,0,3670016
"udf","list",6,3445084,2029,4155392,0,0,0,0,0,file,default,1000,0,3686400
"udf","list",7,3320791,2029,4155392,0,0,0,0,0,file,default,1000,0,3686400
"udf","lookup-last",1,267000,27,55296,0,0,0,0,0,file,default,1000,0,2490368
"udf","lookup-last",2,276750,27,55296,0,0,0,0,0,file,default,1000,0,2490368
"udf","lookup-last",3,269500,27,55296,0,0,0,0,0,file,default,1000,0,2490368
"udf","lookup-last",4,272750,27,55296,0,0,0,0,0,file,default,1000,0,2490368
"udf","lookup-last",5,256834,27,55296,0,0,0,0,0,file,default,1000,0,2490368
"udf","lookup-last",6,268666,27,55296,0,0,0,0,0,file,default,1000,0,2490368
"udf","lookup-last",7,280916,27,55296,0,0,0,0,0,file,default,1000,0,2490368
"udf","lookup-miss",1,295250,27,55296,0,0,0,0,0,file,default,1000,0,2490368
"udf","lookup-miss",2,262125,27,55296,0,0,0,0,0,file,default,1000,0,2490368
"udf","lookup-miss",3,261250,27,55296,0,0,0,0,0,file,default,1000,0,2490368
"udf","lookup-miss",4,268584,27,55296,0,0,0,0,0,file,default,1000,0,2490368
"udf","lookup-miss",5,265750,27,55296,0,0,0,0,0,file,default,1000,0,2490368
"udf","lookup-miss",6,265125,27,55296,0,0,0,0,0,file,default,1000,0,2490368
"udf","lookup-miss",7,266958,27,55296,0,0,0,0,0,file,default,1000,0,2490368
"udf","lookup-last-warm",1,266292,27,55296,0,0,0,0,0,file,default,1000,0,2490368
"udf","lookup-last-warm",2,253625,27,55296,0,0,0,0,0,file,default,1000,0,2490368
"udf","lookup-last-warm",3,249542,27,55296,0,0,0,0,0,file,default,1000,0,2490368
"udf","lookup-last-warm",4,256208,27,55296,0,0,0,0,0,file,default,1000,0,2490368
"udf","lookup-last-warm",5,251125,27,55296,0,0,0,0,0,file,default,1000,0,2490368
"udf","lookup-last-warm",6,260334,27,55296,0,0,0,0,0,file,default,1000,0,2490368
"udf","lookup-last-warm",7,258667,27,55296,0,0,0,0,0,file,default,1000,0,2490368
"udf","lookup-batch",1,129465291,14193,29067264,0,0,0,0,0,file,default,1000,0,2621440
"udf","lookup-batch",2,139151458,14193,29067264,0,0,0,0,0,file,default,1000,0,2621440
"udf","lookup-batch",3,138022417,14193,29067264,0,0,0,0,0,file,default,1000,0,2621440
"udf","lookup-batch",4,131671500,14193,29067264,0,0,0,0,0,file,default,1000,0,2621440
"udf","lookup-batch",5,131126542,14193,29067264,0,0,0,0,0,file,default,1000,0,2621440
"udf","lookup-batch",6,129083500,14193,29067264,0,0,0,0,0,file,default,1000,0,2621440
"udf","lookup-batch",7,129168833,14193,29067264,0,0,0,0,0,file,default,1000,0,2621440
"udf","stat",1,1583,1,2048,0,0,0,0,0,file,default,1000,0,2490368
"udf","stat",2,1500,1,2048,0,0,0,0,0,file,default,1000,0,2490368
"udf","stat",3,1417,1,2048,0,0,0,0,0,file,default,1000,0,2490368
"udf","stat",4,1792,1,2048,0,0,0,0,0,file,default,1000,0,2490368
"udf","stat",5,1500,1,2048,0,0,0,0,0,file,default,1000,0,2490368
"udf","stat",6,1500,1,2048,0,0,0,0,0,file,default,1000,0,2490368
"udf","stat",7,1500,1,2048,0,0,0,0,0,file,default,1000,0,2490368
"udf","read-4k",1,2417,2,6144,0,0,0,0,0,file,default,1000,0,2539520
"udf","read-4k",2,2500,2,6144,0,0,0,0,0,file,default,1000,0,2539520
"udf","read-4k",3,2375,2,6144,0,0,0,0,0,file,default,1000,0,2523136
"udf","read-4k",4,2625,2,6144,0,0,0,0,0,file,default,1000,0,2539520
"udf","read-4k",5,2541,2,6144,0,0,0,0,0,file,default,1000,0,2539520
"udf","read-4k",6,2542,2,6144,0,0,0,0,0,file,default,1000,0,2539520
"udf","read-4k",7,2333,2,6144,0,0,0,0,0,file,default,1000,0,2523136
"udf","read-64k",1,4167,2,67584,0,0,0,0,0,file,default,1000,0,2588672
"udf","read-64k",2,4084,2,67584,0,0,0,0,0,file,default,1000,0,2588672
"udf","read-64k",3,4208,2,67584,0,0,0,0,0,file,default,1000,0,2588672
"udf","read-64k",4,4041,2,67584,0,0,0,0,0,file,default,1000,0,2588672
"udf","read-64k",5,4083,2,67584,0,0,0,0,0,file,default,1000,0,2588672
"udf","read-64k",6,3958,2,67584,0,0,0,0,0,file,default,1000,0,2588672
"udf","read-64k",7,4333,2,67584,0,0,0,0,0,file,default,1000,0,2588672
"udf","read-scattered",1,11583,10,30720,0,0,0,0,0,file,default,1000,0,2506752
"udf","read-scattered",2,12667,10,30720,0,0,0,0,0,file,default,1000,0,2506752
"udf","read-scattered",3,11125,10,30720,0,0,0,0,0,file,default,1000,0,2506752
"udf","read-scattered",4,11333,10,30720,0,0,0,0,0,file,default,1000,0,2506752
"udf","read-scattered",5,10792,10,30720,0,0,0,0,0,file,default,1000,0,2506752
"udf","read-scattered",6,11250,10,30720,0,0,0,0,0,file,default,1000,0,2506752
"udf","read-scattered",7,11083,10,30720,0,0,0,0,0,file,default,1000,0,2506752
"udf","read-full",1,5500,2,133120,0,0,0,0,0,file,default,1000,0,2654208
"udf","read-full",2,5375,2,133120,0,0,0,0,0,file,default,1000,0,2654208
"udf","read-full",3,5458,2,133120,0,0,0,0,0,file,default,1000,0,2654208
"udf","read-full",4,5250,2,133120,0,0,0,0,0,file,default,1000,0,2654208
"udf","read-full",5,5250,2,133120,0,0,0,0,0,file,default,1000,0,2654208
"udf","read-full",6,5583,2,133120,0,0,0,0,0,file,default,1000,0,2654208
"udf","read-full",7,5333,2,133120,0,0,0,0,0,file,default,1000,0,2654208
