case,cache_blocks,median_ns,read_calls,read_bytes
32/512/mount,0,11500,16,22016
32/512/list,0,67791,138,173568
32/512/lookup-last,0,16417,70,37376
32/512/lookup-miss,0,16709,72,38400
32/512/stat-100,0,70375,100,204800
32/512/read-4k,0,498750,512,1572864
32/512/read-64k,0,298125,32,1081344
32/512/read-scattered,0,504292,512,1572864
32/2048/mount,0,11833,13,26624
32/2048/list,0,68334,135,276480
32/2048/lookup-last,0,17000,67,137216
32/2048/lookup-miss,0,17334,69,141312
32/2048/stat-100,0,70166,100,204800
32/2048/read-4k,0,501084,512,1572864
32/2048/read-64k,0,298166,32,1081344
32/2048/read-scattered,0,502833,512,1572864
1000/512/mount,0,11417,16,22016
1000/512/list,0,2046958,4100,5175808
1000/512/lookup-last,0,478584,2096,1074688
1000/512/lookup-miss,0,473125,2098,1075712
1000/512/stat-100,0,70334,100,204800
1000/512/read-4k,0,500292,512,1572864
1000/512/read-64k,0,304417,32,1081344
1000/512/read-scattered,0,505042,512,1572864
1000/2048/mount,0,11542,13,26624
1000/2048/list,0,2060125,4030,8253440
1000/2048/lookup-last,0,505417,2026,4149248
1000/2048/lookup-miss,0,504167,2028,4153344
1000/2048/stat-100,0,70375,100,204800
1000/2048/read-4k,0,502500,512,1572864
1000/2048/read-64k,0,304792,32,1081344
1000/2048/read-scattered,0,502417,512,1572864
