workload,before_elapsed_ns,before_read_calls,before_read_bytes,before_peak_rss_bytes,after_elapsed_ns,after_read_calls,after_read_bytes,after_peak_rss_bytes
mount,21917,16,22016,2490368,23417,16,22016,2473984
list,4571500,4100,5175808,3653632,3359417,2029,4155392,3670016
lookup-last,1588708,2098,1075712,2506752,269500,27,55296,2490368
lookup-miss,1561000,2098,1075712,2506752,265750,27,55296,2490368
lookup-last-warm,1576125,2098,1075712,2506752,256208,27,55296,2490368
lookup-batch,782708375,1050615,539450880,2637824,131126542,14193,29067264,2621440
stat,1500,1,2048,2523136,1500,1,2048,2490368
read-4k,2666,2,6144,2555904,2500,2,6144,2539520
read-64k,3875,2,67584,2605056,4084,2,67584,2588672
read-scattered,11000,10,30720,2523136,11250,10,30720,2506752
read-full,5416,2,133120,2670592,5375,2,133120,2654208
