case,cache_blocks,median_ns,read_calls,read_bytes,aed_read_calls,aed_read_bytes
32/512/mount,32,13708,16,22016,0,0
32/512/list,32,77084,37,69632,0,0
32/512/lookup-last,32,17041,4,2048,0,0
32/512/lookup-miss,32,17334,4,2048,0,0
32/512/stat-100,32,73292,1,2048,0,0
32/512/read-4k,32,372167,257,1050624,0,0
32/512/read-4k-unaligned,32,398333,513,1050624,0,0
32/512/read-64k,32,57042,17,1050624,0,0
32/512/read-scattered,32,395000,257,1050624,0,0
32/2048/mount,32,12667,13,26624,0,0
32/2048/list,32,72917,34,69632,0,0
32/2048/lookup-last,32,17459,1,2048,0,0
32/2048/lookup-miss,32,17834,1,2048,0,0
32/2048/stat-100,32,70959,1,2048,0,0
32/2048/read-4k,32,301625,257,1050624,0,0
32/2048/read-4k-unaligned,32,334583,513,1050624,0,0
32/2048/read-64k,32,57084,17,1050624,0,0
32/2048/read-scattered,32,318709,257,1050624,0,0
32/512/fragmented-inline/mount,32,13917,16,22016,0,0
32/512/fragmented-inline/list,32,80333,37,69632,0,0
32/512/fragmented-inline/lookup-last,32,17084,4,2048,0,0
32/512/fragmented-inline/lookup-miss,32,17417,4,2048,0,0
32/512/fragmented-inline/stat-100,32,348458,1,2048,0,0
32/512/fragmented-inline/read-4k,32,1081542,257,1050624,0,0
32/512/fragmented-inline/read-4k-unaligned,32,1107000,513,1050624,0,0
32/512/fragmented-inline/read-64k,32,210292,144,1081344,0,0
32/512/fragmented-inline/read-scattered,32,1132000,257,1050624,0,0
32/2048/fragmented-inline/mount,32,12917,13,26624,0,0
32/2048/fragmented-inline/list,32,76292,34,69632,0,0
32/2048/fragmented-inline/lookup-last,32,17500,1,2048,0,0
32/2048/fragmented-inline/lookup-miss,32,17750,1,2048,0,0
32/2048/fragmented-inline/stat-100,32,346625,1,2048,0,0
32/2048/fragmented-inline/read-4k,32,1011000,257,1050624,0,0
32/2048/fragmented-inline/read-4k-unaligned,32,1042792,513,1050624,0,0
32/2048/fragmented-inline/read-64k,32,141458,144,1081344,0,0
32/2048/fragmented-inline/read-scattered,32,1052125,257,1050624,0,0
32/512/fragmented-aed/mount,32,13750,16,22016,0,0
32/512/fragmented-aed/list,32,78250,37,69632,0,0
32/512/fragmented-aed/lookup-last,32,17125,4,2048,0,0
32/512/fragmented-aed/lookup-miss,32,17917,4,2048,0,0
32/512/fragmented-aed/stat-100,32,75042,1,2048,0,0
32/512/fragmented-aed/read-4k,32,495708,384,1310720,127,260096
32/512/fragmented-aed/read-4k-unaligned,32,542416,640,1310720,127,260096
32/512/fragmented-aed/read-64k,32,240792,404,1613824,260,532480
32/512/fragmented-aed/read-scattered,32,3629375,10980,23011328,10480,21463040
32/2048/fragmented-aed/mount,32,12792,13,26624,0,0
32/2048/fragmented-aed/list,32,73792,34,69632,0,0
32/2048/fragmented-aed/lookup-last,32,17459,1,2048,0,0
32/2048/fragmented-aed/lookup-miss,32,17833,1,2048,0,0
32/2048/fragmented-aed/stat-100,32,73250,1,2048,0,0
32/2048/fragmented-aed/read-4k,32,376875,384,1310720,127,260096
32/2048/fragmented-aed/read-4k-unaligned,32,425833,640,1310720,127,260096
32/2048/fragmented-aed/read-64k,32,140541,328,1458176,184,376832
32/2048/fragmented-aed/read-scattered,32,2110042,10932,22913024,10480,21463040
1000/512/mount,32,13667,16,22016,0,0
1000/512/list,32,2282417,1103,2102272,0,0
1000/512/lookup-last,32,490916,102,52224,0,0
1000/512/lookup-miss,32,490292,102,52224,0,0
1000/512/stat-100,32,73750,1,2048,0,0
1000/512/read-4k,32,371417,257,1050624,0,0
1000/512/read-4k-unaligned,32,400625,513,1050624,0,0
1000/512/read-64k,32,61084,17,1050624,0,0
1000/512/read-scattered,32,399708,257,1050624,0,0
1000/2048/mount,32,12875,13,26624,0,0
1000/2048/list,32,2152625,1027,2103296,0,0
1000/2048/lookup-last,32,514333,26,53248,0,0
1000/2048/lookup-miss,32,516541,26,53248,0,0
1000/2048/stat-100,32,71250,1,2048,0,0
1000/2048/read-4k,32,301500,257,1050624,0,0
1000/2048/read-4k-unaligned,32,333042,513,1050624,0,0
1000/2048/read-64k,32,61458,17,1050624,0,0
1000/2048/read-scattered,32,317375,257,1050624,0,0
1000/512/fragmented-inline/mount,32,14292,16,22016,0,0
1000/512/fragmented-inline/list,32,2849625,1103,2102272,0,0
1000/512/fragmented-inline/lookup-last,32,496167,102,52224,0,0
1000/512/fragmented-inline/lookup-miss,32,493875,102,52224,0,0
1000/512/fragmented-inline/stat-100,32,351334,1,2048,0,0
1000/512/fragmented-inline/read-4k,32,1081583,257,1050624,0,0
1000/512/fragmented-inline/read-4k-unaligned,32,1108417,513,1050624,0,0
1000/512/fragmented-inline/read-64k,32,210791,144,1081344,0,0
1000/512/fragmented-inline/read-scattered,32,1135208,257,1050624,0,0
1000/2048/fragmented-inline/mount,32,13208,13,26624,0,0
1000/2048/fragmented-inline/list,32,2721250,1027,2103296,0,0
1000/2048/fragmented-inline/lookup-last,32,525333,26,53248,0,0
1000/2048/fragmented-inline/lookup-miss,32,518500,26,53248,0,0
1000/2048/fragmented-inline/stat-100,32,346750,1,2048,0,0
1000/2048/fragmented-inline/read-4k,32,1010000,257,1050624,0,0
1000/2048/fragmented-inline/read-4k-unaligned,32,1043667,513,1050624,0,0
1000/2048/fragmented-inline/read-64k,32,142000,144,1081344,0,0
1000/2048/fragmented-inline/read-scattered,32,1047875,257,1050624,0,0
1000/512/fragmented-aed/mount,32,13916,16,22016,0,0
1000/512/fragmented-aed/list,32,2805167,1128,2153472,25,51200
1000/512/fragmented-aed/lookup-last,32,945833,127,103424,25,51200
1000/512/fragmented-aed/lookup-miss,32,944750,127,103424,25,51200
1000/512/fragmented-aed/stat-100,32,75833,1,2048,0,0
1000/512/fragmented-aed/read-4k,32,495792,384,1310720,127,260096
1000/512/fragmented-aed/read-4k-unaligned,32,543583,640,1310720,127,260096
1000/512/fragmented-aed/read-64k,32,239417,404,1613824,260,532480
1000/512/fragmented-aed/read-scattered,32,3739250,10980,23011328,10480,21463040
1000/2048/fragmented-aed/mount,32,13584,13,26624,0,0
1000/2048/fragmented-aed/list,32,2593667,1052,2154496,25,51200
1000/2048/fragmented-aed/lookup-last,32,871708,51,104448,25,51200
1000/2048/fragmented-aed/lookup-miss,32,876375,51,104448,25,51200
1000/2048/fragmented-aed/stat-100,32,73417,1,2048,0,0
1000/2048/fragmented-aed/read-4k,32,378041,384,1310720,127,260096
1000/2048/fragmented-aed/read-4k-unaligned,32,427875,640,1310720,127,260096
1000/2048/fragmented-aed/read-64k,32,140417,328,1458176,184,376832
1000/2048/fragmented-aed/read-scattered,32,2122375,10932,22913024,10480,21463040
