case,total_samples,category,top_of_stack_samples,percent
1000/2048/list,4638,copy,1715,36.98
1000/2048/list,4638,clear,524,11.30
1000/2048/list,4638,check_tag,1668,35.96
1000/2048/list,4638,name_decode,74,1.60
1000/2048/list,4638,instrumentation,258,5.56
1000/2048/list,4638,other_or_unlisted,399,8.60
1000/2048/fragmented-aed/list,4620,copy,1681,36.39
1000/2048/fragmented-aed/list,4620,clear,604,13.07
1000/2048/fragmented-aed/list,4620,check_tag,1605,34.74
1000/2048/fragmented-aed/list,4620,name_decode,66,1.43
1000/2048/fragmented-aed/list,4620,instrumentation,349,7.55
1000/2048/fragmented-aed/list,4620,other_or_unlisted,315,6.82
1000/2048/lookup-last,4449,copy,2052,46.12
1000/2048/lookup-last,4449,clear,1424,32.01
1000/2048/lookup-last,4449,check_tag,5,0.11
1000/2048/lookup-last,4449,name_decode,306,6.88
1000/2048/lookup-last,4449,instrumentation,634,14.25
1000/2048/lookup-last,4449,other_or_unlisted,28,0.63
1000/2048/fragmented-aed/read-scattered,4578,copy,2507,54.76
1000/2048/fragmented-aed/read-scattered,4578,clear,55,1.20
1000/2048/fragmented-aed/read-scattered,4578,check_tag,1083,23.66
1000/2048/fragmented-aed/read-scattered,4578,name_decode,0,0.00
1000/2048/fragmented-aed/read-scattered,4578,instrumentation,746,16.30
1000/2048/fragmented-aed/read-scattered,4578,other_or_unlisted,187,4.08
