implementation,sample,elapsed_ns,peak_rss_bytes
v3-64KiB,1,75430709,4390912
v2,1,59997625,6406144
v3-no-cache,1,130469875,4325376
v3-default,1,78862708,4325376
v3-default,2,85198833,4341760
v3-no-cache,2,125077291,4325376
v3-64KiB,2,75037083,4407296
v2,2,60106709,6406144
v3-64KiB,3,72286667,4407296
v2,3,59556291,6406144
v3-no-cache,3,125994542,4341760
v3-default,3,73603291,4341760
v3-no-cache,4,127363583,4325376
v2,4,67313459,6406144
v3-64KiB,4,79348333,4390912
v3-default,4,80729000,4325376
v2,5,65535000,6406144
v3-default,5,80483542,4341760
v3-64KiB,5,77842875,4407296
v3-no-cache,5,133761250,4341760
v3-64KiB,6,77059583,4423680
v3-no-cache,6,127324125,4325376
v3-default,6,77782792,4358144
v2,6,60451583,6406144
v3-64KiB,7,72542250,4390912
v3-default,7,74319792,4325376
v2,7,61154000,6406144
v3-no-cache,7,127740208,4308992
v2,8,58484541,6406144
v3-no-cache,8,128024750,4358144
v3-64KiB,8,71714791,4423680
v3-default,8,77739917,4358144
v2,9,65039709,6389760
v3-default,9,74743833,4325376
v3-no-cache,9,129349209,4325376
v3-64KiB,9,73444041,4390912
v3-64KiB,10,74004625,4407296
v3-no-cache,10,127717708,4341760
v3-default,10,79311375,4325376
v2,10,59867750,6406144
v2,11,62284291,6406144
v3-default,11,78983333,4308992
v3-no-cache,11,124020583,4325376
v3-64KiB,11,71111041,4390912
v2,12,58197125,6406144
v3-no-cache,12,126359334,4325376
v3-default,12,73706708,4341760
v3-64KiB,12,72249666,4390912
v3-64KiB,13,72188958,4423680
v2,13,61437833,6406144
v3-default,13,73243916,4325376
v3-no-cache,13,125984583,4308992
v3-default,14,73521125,4341760
v3-64KiB,14,73173625,4407296
v3-no-cache,14,127334625,4325376
v2,14,59066041,6406144
v3-64KiB,15,71637250,4390912
v3-no-cache,15,125316584,4325376
v2,15,58053333,6406144
v3-default,15,73807792,4341760
v2,16,59193917,6406144
v3-64KiB,16,70507292,4390912
v3-default,16,72606083,4308992
v3-no-cache,16,126013542,4308992
v2,17,58392542,6406144
v3-no-cache,17,128824083,4325376
v3-default,17,74253625,4308992
v3-64KiB,17,75352250,4374528
v3-no-cache,18,126060541,4308992
v3-64KiB,18,71712083,4423680
v2,18,57272583,6406144
v3-default,18,72981000,4341760
v3-default,19,71220625,4308992
v3-64KiB,19,71910875,4407296
v3-no-cache,19,125454916,4325376
v2,19,58810667,6406144
v3-no-cache,20,125545208,4308992
v2,20,67166292,6406144
v3-64KiB,20,71418791,4390912
v3-default,20,72951917,4341760
v2,21,59245042,6406144
v3-no-cache,21,126576833,4341760
v3-64KiB,21,72542167,4407296
v3-default,21,72959292,4358144
